/*******************************************************************************
 * Size: 45 px
 * Bpp: 8
 * Opts: --font /Users/roger/dev/gaggimate_custom_build_repo/ui/assets/SFPRODISPLAYBOLD.OTF --size 45 --bpp 8 --format lvgl -r 32-127,176 --lv-font-name ui_font_sfprodisplaybold_45 -o /Users/roger/dev/gaggimate_custom_build_repo/src/display/ui/default/lvgl/fonts/ui_font_sfprodisplaybold_45.c
 ******************************************************************************/

#ifdef LV_LVGL_H_INCLUDE_SIMPLE
#include "lvgl.h"
#else
#include "lvgl/lvgl.h"
#endif

#ifndef UI_FONT_SFPRODISPLAYBOLD_45
#define UI_FONT_SFPRODISPLAYBOLD_45 1
#endif

#if UI_FONT_SFPRODISPLAYBOLD_45

/*-----------------
 *    BITMAPS
 *----------------*/

/*Store the image of the glyphs*/
static LV_ATTRIBUTE_LARGE_CONST const uint8_t glyph_bitmap[] = {
    /* U+0020 " " */

    /* U+0021 "!" */
    0x29, 0xff, 0xff, 0xf3, 0x38, 0x58, 0x0, 0x7,
    0x81, 0x8f, 0x80, 0x0, 0x3c, 0x74, 0x14, 0x0,
    0x1, 0xe0, 0xf0, 0x60, 0x0, 0xf, 0xd, 0xc,
    0x80, 0x0, 0x78, 0x24, 0x28, 0x0, 0x3, 0xc0,
    0xc0, 0x60, 0x40, 0x0, 0x1c, 0xf4, 0x0, 0x14,
    0x0, 0x1, 0xc1, 0xe0, 0x0, 0xc0, 0x0, 0x1c,
    0x34, 0x0, 0x36, 0x0, 0x1, 0xc1, 0x20, 0x1,
    0xc0, 0x0, 0x1c, 0xc, 0x0, 0x74, 0x0, 0x1,
    0xc7, 0x40, 0x0, 0xc0, 0x0, 0x1c, 0x1e, 0x0,
    0x12, 0x0, 0x1, 0xc3, 0x40, 0x3, 0x40, 0x0,
    0x1c, 0x12, 0x0, 0x1c, 0x0, 0x1, 0xc0, 0xa0,
    0xf, 0x40, 0x0, 0x18, 0x10, 0x8, 0x0, 0x18,
    0x0, 0x3, 0x7, 0x80, 0x0, 0x2, 0xc0, 0x0,
    0x30, 0xd0, 0x0, 0x0, 0x78, 0x0, 0x3, 0x4,
    0x80, 0x0, 0x22, 0x32, 0x32, 0x36, 0xb0, 0x0,
    0x0, 0x90, 0xdc, 0xdf, 0x18, 0x80, 0x0, 0x7f,
    0xf1, 0xc3, 0x10, 0x13, 0x5, 0xc0, 0x0, 0x24,
    0x4e, 0xbb, 0xfb, 0x3e, 0xf7, 0x10, 0x1, 0x7a,
    0xa1, 0x80, 0x0, 0x0, 0x3c, 0x7a, 0x12, 0x68,
    0x88, 0x0, 0x6, 0x1, 0xd7, 0x3a, 0x0, 0x0,
    0xf0, 0x4b, 0xf8, 0x40, 0x0, 0x7, 0x66, 0x8f,
    0xd5, 0x85, 0x0, 0x0, 0x4d, 0xea, 0x20, 0xb,
    0x9d, 0x13, 0xd2, 0x59, 0xd2, 0x0, 0x0,

    /* U+0022 "\"" */
    0x9f, 0xff, 0xff, 0xdb, 0x60, 0x0, 0x19, 0xcf,
    0xff, 0xff, 0x82, 0xc0, 0x0, 0x3f, 0xff, 0xe0,
    0x0, 0x1f, 0xff, 0xf0, 0x0, 0xf, 0xfe, 0xcd,
    0x4d, 0x45, 0x46, 0x90, 0x0, 0x0, 0xca, 0x95,
    0x15, 0x1c, 0x1e,

    /* U+0023 "#" */
    0x0, 0x0, 0xfe, 0x76, 0xff, 0xff, 0xcc, 0x20,
    0x0, 0x1d, 0xd3, 0xff, 0xff, 0x7b, 0x1, 0x80,
    0x0, 0x7f, 0xf0, 0x37, 0x0, 0x0, 0x32, 0x78,
    0x0, 0x6, 0x1d, 0x16, 0x0, 0x0, 0x8c, 0xc0,
    0xc0, 0x0, 0x3f, 0xf8, 0xe, 0x80, 0x0, 0x10,
    0x41, 0x50, 0x0, 0x6, 0x4d, 0x0, 0x0, 0xca,
    0xe0, 0x0, 0x1f, 0xfc, 0x1, 0x22, 0x10, 0x0,
    0x8, 0xfc, 0x10, 0x0, 0x3, 0x69, 0x80, 0x0,
    0x6c, 0xc0, 0x0, 0xf, 0xfe, 0x2, 0xa0, 0x0,
    0x6, 0x5d, 0x0, 0x0, 0xe3, 0x50, 0x0, 0xc,
    0xea, 0x0, 0x1, 0xff, 0xc0, 0x3c, 0x0, 0x0,
    0xde, 0xe0, 0x0, 0x1c, 0xbc, 0x0, 0x1, 0x5,
    0x14, 0x0, 0x0, 0x7f, 0xf0, 0x35, 0x0, 0x0,
    0x32, 0x68, 0x0, 0x6, 0x1c, 0x17, 0x0, 0x0,
    0x8c, 0x40, 0xc0, 0x0, 0x3f, 0xf8, 0x9, 0x80,
    0x0, 0x10, 0x39, 0x58, 0x0, 0x6, 0x52, 0x0,
    0x0, 0xca, 0xa0, 0x0, 0x1f, 0x16, 0xff, 0xff,
    0xf0, 0xe8, 0x0, 0x4, 0xf, 0xf7, 0xff, 0xff,
    0xac, 0x40, 0x0, 0x33, 0x77, 0xff, 0xfe, 0x8f,
    0x0, 0x0, 0x39, 0x80, 0x0, 0x7f, 0xf3, 0x74,
    0x0, 0x0, 0x1a, 0x20, 0x0, 0x1f, 0xfc, 0xd7,
    0x0, 0x0, 0x2, 0x70, 0x0, 0x7, 0xff, 0x30,
    0x14, 0xa4, 0x0, 0x0, 0xc0, 0xa0, 0xa1, 0x80,
    0xc0, 0x0, 0x23, 0xeb, 0x4b, 0x4e, 0xaf, 0x1,
    0x0, 0x0, 0x8a, 0x54, 0x14, 0x33, 0x70, 0x30,
    0x0, 0x2, 0x86, 0xbe, 0xbe, 0xbd, 0x3, 0x0,
    0x0, 0xaf, 0x12, 0xd2, 0xf9, 0xf8, 0x4, 0x0,
    0x2, 0x8b, 0xaf, 0xaf, 0xd2, 0x80, 0x0, 0x1f,
    0x16, 0x80, 0x0, 0x63, 0x30, 0x0, 0xe, 0x70,
    0x0, 0x0, 0xce, 0x60, 0x0, 0x1f, 0xfc, 0x5,
    0x10, 0x0, 0xc, 0xa0, 0x0, 0x1, 0xda, 0x0,
    0x0, 0x10, 0x29, 0x58, 0x0, 0x7, 0xff, 0x3,
    0xc8, 0x0, 0x2, 0x11, 0x1e, 0x0, 0x0, 0xe3,
    0x0, 0x0, 0x8, 0xa8, 0x14, 0x0, 0x3, 0xff,
    0x80, 0xac, 0x0, 0x1, 0x28, 0x80, 0x0, 0x79,
    0x40, 0x0, 0x2, 0x72, 0x0, 0x0, 0xff, 0xe0,
    0x1, 0x1e, 0x0, 0x0, 0x46, 0x0, 0x0, 0x1c,
    0x3c, 0x22, 0x0, 0x1, 0x68, 0x80, 0x0, 0x7c,
    0x3d, 0x77, 0x77, 0xb0, 0xc2, 0x40, 0x0, 0x21,
    0x84, 0xf4, 0xfe, 0x9f, 0x0, 0x0, 0xd4, 0x37,
    0x77, 0x79, 0x94, 0x0, 0x0, 0x94, 0x88, 0x89,
    0x8f, 0x80, 0x0, 0x33, 0x45, 0x85, 0x87, 0x3f,
    0x0, 0x0, 0x62, 0xd4, 0x44, 0x4c, 0xa, 0x0,
    0x0, 0xd1, 0x0, 0x0, 0xff, 0xe6, 0xa8, 0x80,
    0x0, 0xc, 0xc0, 0x0, 0x3f, 0xf9, 0x80, 0x86,
    0xc0, 0x0, 0x5, 0x10, 0x0, 0xf, 0xfe, 0x61,
    0x40, 0x38, 0x0, 0x3, 0x9f, 0xff, 0xfe, 0xd5,
    0x0, 0x0, 0xc9, 0x1f, 0xff, 0xfc, 0xd0, 0x0,
    0x1, 0xad, 0xff, 0xff, 0xf6, 0x98, 0x0, 0x7,
    0xce, 0xa0, 0x0, 0x18, 0xd8, 0x0, 0x3, 0x96,
    0xc0, 0x0, 0x32, 0xe0, 0x0, 0x7, 0xff, 0x3,
    0x30, 0x0, 0x3, 0x65, 0x80, 0x0, 0x60, 0x73,
    0x60, 0x0, 0x8, 0x88, 0x50, 0x0, 0x3, 0xff,
    0x80, 0xb6, 0x0, 0x1, 0x97, 0xc0, 0x0, 0x31,
    0x80, 0x28, 0x0, 0x4, 0xf4, 0x0, 0x1, 0xff,
    0xc0, 0x4, 0x3f, 0x0, 0x0, 0x88, 0x85, 0x40,
    0x0, 0x32, 0xd0, 0x0, 0x6, 0xd5, 0x0, 0x0,
    0xff, 0xe0, 0x1a, 0x84, 0x0, 0x0, 0x4f, 0x40,
    0x0, 0x1d, 0x9e, 0x0, 0x1, 0x93, 0x80, 0x0,
    0x3f, 0xf8, 0xa, 0x80, 0x0, 0x1b, 0x5c, 0x0,
    0x3, 0x9e, 0x80, 0x0, 0x20, 0x33, 0x70, 0x0,
    0xf, 0xfe, 0x7, 0xe0, 0x0, 0x6, 0x4a, 0x0,
    0x0, 0xc1, 0xc4, 0xc0, 0x0, 0x11, 0x70, 0x58,
    0x0, 0x7, 0xf0,

    /* U+0024 "$" */
    0x0, 0x0, 0xff, 0x83, 0x3, 0xc3, 0xc0, 0x80,
    0x0, 0x1f, 0xfc, 0xac, 0x3f, 0xf, 0x2, 0x18,
    0x0, 0x7, 0xff, 0x8c, 0x4, 0x74, 0x0, 0x0,
    0x1c, 0x0, 0x1, 0xff, 0xc5, 0xd, 0x55, 0x9f,
    0xd1, 0xf4, 0x2d, 0x0, 0x0, 0x5a, 0xec, 0xd6,
    0x30, 0x8a, 0x0, 0x0, 0x7f, 0xc2, 0x10, 0xff,
    0x95, 0x4c, 0x5, 0xc1, 0x40, 0x0, 0x10, 0x19,
    0x32, 0x9c, 0xf7, 0x1c, 0x80, 0xa8, 0x0, 0x7,
    0xe3, 0x8f, 0x7, 0x80, 0xe0, 0x0, 0xf, 0xf8,
    0x21, 0xbf, 0xc9, 0x8, 0x0, 0x3, 0xc6, 0x79,
    0x63, 0xe0, 0x0, 0x1f, 0xfc, 0x31, 0x8b, 0xb4,
    0x20, 0x0, 0xc, 0x15, 0xa2, 0x18, 0x0, 0x1,
    0xff, 0xc5, 0x6, 0xb2, 0x17, 0x0, 0x0, 0x9c,
    0x7, 0x40, 0x0, 0x38, 0x6a, 0x63, 0x48, 0xb0,
    0x0, 0x1, 0x43, 0x38, 0x3e, 0x0, 0x1, 0xc1,
    0xf1, 0x80, 0x0, 0x15, 0x60, 0x0, 0x7, 0xf,
    0xfa, 0x33, 0x96, 0x8e, 0x0, 0x0, 0x6, 0x58,
    0xfb, 0xce, 0xc0, 0x0, 0x39, 0xbc, 0x24, 0x0,
    0x68, 0xa4, 0x0, 0x3, 0xae, 0x44, 0x40, 0x0,
    0x3e, 0xf, 0xe6, 0x5, 0x0, 0x0, 0xc1, 0x69,
    0xc0, 0x5, 0xe0, 0x0, 0x1e, 0x7a, 0x0, 0x0,
    0xfe, 0x22, 0x3c, 0x0, 0x0, 0xe2, 0x0, 0x7,
    0x70, 0x0, 0xf, 0xc, 0x80, 0x0, 0x7f, 0xb4,
    0x77, 0x37, 0x39, 0xd8, 0x1, 0xb4, 0x0, 0x3,
    0xd2, 0x40, 0x0, 0x1f, 0xe1, 0x72, 0x32, 0x3e,
    0x11, 0x0, 0x26, 0x7, 0x0, 0x0, 0xe5, 0x79,
    0xb0, 0xe0, 0x0, 0xf, 0xfe, 0x20, 0x4a, 0x60,
    0x0, 0x7, 0x99, 0x3f, 0x29, 0xca, 0x40, 0x0,
    0x3f, 0xf8, 0x71, 0x0, 0x0, 0x1f, 0x6, 0xac,
    0xc, 0x80, 0x0, 0x25, 0xe4, 0xd8, 0x47, 0xc0,
    0x0, 0x3f, 0x8f, 0x1c, 0x80, 0x0, 0x3f, 0xe2,
    0xf6, 0xc9, 0xee, 0xd, 0x67, 0x41, 0x20, 0x0,
    0xf, 0xa3, 0xe0, 0x80, 0xc0, 0x0, 0x3f, 0xf8,
    0x25, 0x31, 0x7f, 0x8d, 0x40, 0x0, 0x1e, 0x2,
    0x7d, 0xbc, 0x1c, 0x0, 0x0, 0xff, 0xe1, 0x8,
    0xca, 0xd0, 0x81, 0x80, 0x0, 0x79, 0x3, 0x9e,
    0xd9, 0x6c, 0x2c, 0x0, 0x3, 0xff, 0x82, 0xbd,
    0x16, 0x0, 0x1, 0xf0, 0x22, 0x4d, 0x27, 0xf5,
    0xcb, 0xe8, 0x80, 0x0, 0x7, 0xfc, 0xea, 0x52,
    0x0, 0x1, 0xfc, 0x14, 0x8d, 0x4, 0x40, 0x0,
    0x0, 0x7b, 0x6b, 0x19, 0x0, 0x0, 0xf0, 0x15,
    0xf8, 0x0, 0x7, 0xff, 0xf, 0xe, 0x53, 0xb5,
    0xbc, 0x0, 0x3, 0xc9, 0x80, 0x0, 0x1f, 0xfc,
    0x50, 0xb9, 0x5, 0x40, 0x0, 0xe, 0x27, 0x2,
    0x7, 0x7, 0xf0, 0x10, 0x0, 0x7, 0xfd, 0xc0,
    0x0, 0x1, 0xc0, 0x41, 0x9c, 0xbf, 0x1f, 0x1c,
    0xf2, 0x0, 0x1, 0xff, 0x3c, 0x80, 0x0, 0x70,
    0x20, 0x79, 0x50, 0x0, 0x7, 0x58, 0x1, 0x0,
    0x0, 0x7f, 0x94, 0xc0, 0x0, 0x38, 0x90, 0x5,
    0x14, 0x0, 0x3, 0x8d, 0x21, 0x80, 0x0, 0x3f,
    0x83, 0x2e, 0x0, 0x0, 0x39, 0x14, 0x2, 0xe8,
    0x0, 0x3, 0xcf, 0x76, 0xe6, 0x60, 0x40, 0x0,
    0x18, 0x19, 0x1b, 0x8, 0x98, 0x0, 0x3, 0xa9,
    0x0, 0xd, 0xd4, 0x40, 0x0, 0x3c, 0x91, 0x99,
    0xda, 0x72, 0x0, 0x0, 0xab, 0xfb, 0xb9, 0x31,
    0x0, 0x0, 0xe4, 0xe3, 0xe0, 0x0, 0x5, 0xb9,
    0x8, 0x0, 0x7, 0xc2, 0x1, 0x20, 0x0, 0x1,
    0x30, 0x20, 0x0, 0xf, 0x13, 0xd2, 0x80, 0x0,
    0x43, 0x38, 0x25, 0xa0, 0x0, 0x1f, 0xfc, 0x53,
    0xbc, 0x41, 0x40, 0x0, 0xc, 0x3f, 0xaf, 0x6,
    0x2a, 0x0, 0x1, 0xff, 0xc1, 0x1b, 0x8f, 0xc7,
    0x1c, 0x0, 0x0, 0xf0, 0x2b, 0xe7, 0x65, 0x5b,
    0x69, 0xb0, 0xd8, 0x58, 0x0, 0x6, 0x4, 0x26,
    0x66, 0xb0, 0xe1, 0x70, 0x3, 0x0, 0x0, 0xfe,
    0x6, 0x54, 0x92, 0xc9, 0xe4, 0xf4, 0x30, 0x0,
    0x0, 0x50, 0xff, 0xec, 0xcc, 0xa7, 0x82, 0x80,
    0x0, 0x7f, 0xf2, 0x6, 0x41, 0x0, 0x0, 0x3f,
    0xfb, 0x0,

    /* U+0025 "%" */
    0x0, 0x0, 0xe0, 0xa4, 0xb6, 0xd7, 0x76, 0x2,
    0x30, 0x0, 0xf, 0xfe, 0x80, 0x3c, 0x17, 0xfd,
    0xa4, 0x94, 0x44, 0xfe, 0xe6, 0x9, 0x78, 0x0,
    0x7, 0xff, 0x4, 0x93, 0xcf, 0xff, 0xfe, 0xfb,
    0x37, 0x0, 0x0, 0xe0, 0x9c, 0x77, 0xd0, 0xa0,
    0x0, 0xe, 0x3e, 0xda, 0x45, 0x0, 0x0, 0xff,
    0x81, 0x7b, 0xc3, 0x0, 0x0, 0x28, 0x23, 0x70,
    0x0, 0xe, 0x77, 0x3f, 0x0, 0x0, 0xfc, 0x15,
    0x42, 0x12, 0x0, 0x1, 0xfe, 0x8f, 0x34, 0x0,
    0x0, 0x90, 0x5e, 0xc0, 0x0, 0x38, 0x62, 0x34,
    0x0, 0x3, 0x37, 0x4a, 0x91, 0x0, 0x0, 0x43,
    0x6e, 0xa0, 0x0, 0x1f, 0xc8, 0xae, 0x80, 0x0,
    0x10, 0x9d, 0x28, 0x10, 0x0, 0x7, 0x48, 0x6,
    0x0, 0x0, 0x4d, 0x52, 0x2d, 0x5e, 0xa0, 0x40,
    0x0, 0x14, 0x70, 0x28, 0x0, 0x7, 0xc2, 0xb4,
    0x40, 0x20, 0x0, 0x15, 0x18, 0xd8, 0x0, 0x7,
    0x90, 0x0, 0x0, 0x35, 0x20, 0x0, 0x0, 0xa0,
    0xfc, 0x0, 0x2, 0xd, 0x32, 0x0, 0x0, 0xfa,
    0x84, 0x60, 0x0, 0x2, 0x6a, 0x4f, 0x0, 0x0,
    0xf8, 0x94, 0x0, 0x2, 0x1, 0x35, 0x0, 0x0,
    0x95, 0x80, 0x0, 0x33, 0x58, 0x0, 0x7, 0x9b,
    0x92, 0xc0, 0x0, 0x22, 0xc9, 0xd0, 0x0, 0xf,
    0xc2, 0x0, 0x0, 0x10, 0x80, 0x20, 0x0, 0x5,
    0xd6, 0x0, 0x1, 0x8c, 0x80, 0x0, 0x38, 0xba,
    0x58, 0x0, 0x2, 0x8, 0xff, 0x8, 0x0, 0x0,
    0xfc, 0x16, 0x0, 0x1, 0xb, 0x0, 0x0, 0x6f,
    0x60, 0x0, 0xc, 0x16, 0x0, 0x1, 0x82, 0xbe,
    0x1, 0xc0, 0x0, 0x29, 0xd2, 0xc0, 0x0, 0xf,
    0xe1, 0x60, 0x0, 0x8, 0x1c, 0x50, 0x0, 0x2,
    0x2c, 0x0, 0x0, 0xc5, 0x60, 0x0, 0x1a, 0x4c,
    0xa4, 0x0, 0x2, 0x4f, 0x6a, 0x0, 0x0, 0xff,
    0x25, 0x0, 0x0, 0x64, 0xb0, 0x0, 0x0, 0x22,
    0x48, 0x0, 0x6, 0x57, 0x0, 0x0, 0x94, 0x99,
    0x80, 0x0, 0x21, 0xba, 0x30, 0x0, 0xf, 0xfb,
    0xe0, 0x0, 0x3, 0x5e, 0x90, 0x82, 0xc5, 0x89,
    0x80, 0x0, 0x47, 0xa3, 0x20, 0x0, 0x1, 0xdb,
    0xc0, 0x0, 0x8, 0xa, 0x94, 0x4c, 0x0, 0x3,
    0xfe, 0x52, 0x3b, 0x0, 0x0, 0x87, 0x77, 0xfc,
    0x5c, 0x0, 0x0, 0x20, 0x1f, 0x40, 0x0, 0x0,
    0x16, 0xe0, 0x88, 0x0, 0x4, 0xf0, 0x82, 0x0,
    0x1, 0xff, 0xc1, 0xf3, 0x3, 0x0, 0x0, 0x80,
    0x42, 0xc0, 0x0, 0x32, 0xe9, 0xb0, 0x0, 0x1,
    0xfc, 0xf8, 0x0, 0x2, 0x37, 0x81, 0x0, 0x0,
    0xff, 0xe1, 0x1b, 0xd8, 0x87, 0x80, 0x0, 0x7c,
    0xb1, 0x48, 0x0, 0x0, 0x3a, 0x81, 0x0, 0x0,
    0x83, 0xba, 0x81, 0x0, 0x0, 0x3f, 0xf8, 0x69,
    0xbc, 0x8f, 0xc6, 0x42, 0x0, 0xe3, 0xcb, 0x77,
    0xb4, 0xe0, 0xe0, 0x1, 0xfc, 0xa0, 0x60, 0x0,
    0x15, 0x59, 0x10, 0x0, 0x7, 0xff, 0x14, 0x52,
    0x7, 0x37, 0xbf, 0xe3, 0x86, 0x91, 0x8, 0x0,
    0x2, 0xa7, 0x20, 0x0, 0x0, 0x97, 0x96, 0x80,
    0x0, 0x0, 0x8c, 0x97, 0x5c, 0xff, 0x3c, 0xd6,
    0xec, 0x20, 0x60, 0x0, 0x1f, 0xfc, 0x56, 0x25,
    0x70, 0x0, 0x8, 0x92, 0xb0, 0x0, 0x0, 0x45,
    0xa3, 0x36, 0x8a, 0x30, 0xc, 0x32, 0x91, 0x3d,
    0xa6, 0x3a, 0x0, 0x1, 0xff, 0xc3, 0x26, 0x96,
    0x0, 0x0, 0x81, 0x7b, 0x83, 0x40, 0x2, 0xf0,
    0x4a, 0x80, 0x0, 0x3e, 0x2f, 0xc0, 0x8, 0x0,
    0x0, 0xff, 0xe0, 0x83, 0x75, 0x85, 0x80, 0x0,
    0x51, 0xa6, 0xa0, 0x0, 0x8, 0xa1, 0xc0, 0x0,
    0xc, 0x36, 0x0, 0x1, 0x88, 0x9f, 0x80, 0x0,
    0x3f, 0xf8, 0x31, 0x6, 0x40, 0x0, 0x12, 0x13,
    0xa8, 0x0, 0x0, 0x65, 0xd0, 0x0, 0x2, 0x7,
    0xc2, 0xe4, 0xb9, 0x4, 0x0, 0x0, 0xa1, 0x84,
    0xc0, 0x0, 0x3f, 0xe4, 0x87, 0x0, 0x0, 0x8,
    0x4e, 0x9c, 0x8, 0x0, 0x0, 0xfe, 0x14, 0x0,
    0x1, 0x32, 0x9e, 0x80, 0x23, 0x28, 0x80, 0x0,
    0x41, 0xe9, 0x20, 0x0, 0x1f, 0xe1, 0x7a, 0x0,
    0x10, 0x0, 0xa, 0x88, 0x68, 0x0, 0x2, 0xfa,
    0x0, 0x0, 0xd9, 0x0, 0x0, 0x16, 0x40, 0x0,
    0x6, 0xca, 0x0, 0x0, 0xfe, 0x1, 0xaf, 0x17,
    0x0, 0x0, 0x9a, 0xd3, 0x80, 0x0, 0x31, 0x70,
    0x0, 0x6, 0x6f, 0x0, 0x0, 0x8a, 0x80, 0x0,
    0x31, 0xa8, 0x0, 0x7, 0xf3, 0x92, 0x38, 0x0,
    0x4, 0x59, 0x38, 0x0, 0x1, 0xc1, 0x0, 0x0,
    0x18, 0x20, 0x0, 0x2, 0x77, 0x0, 0x0, 0xc1,
    0x60, 0x0, 0x1f, 0x8c, 0xa2, 0x80, 0x0, 0x20,
    0x8f, 0xf0, 0x80, 0x0, 0xe, 0x13, 0x0, 0x0,
    0xce, 0x80, 0x0, 0x13, 0x58, 0x0, 0x6, 0x32,
    0x0, 0x0, 0xf8, 0x2f, 0xac, 0x18, 0x0, 0x2,
    0x9d, 0x2c, 0x0, 0x0, 0xf1, 0x68, 0x0, 0x6,
    0x3e, 0x0, 0x0, 0xb4, 0x80, 0x0, 0x37, 0x58,
    0x0, 0x7, 0xd2, 0xa4, 0xc0, 0x0, 0x12, 0x6b,
    0x50, 0x0, 0x7, 0xd8, 0x0, 0x0, 0x1a, 0x80,
    0x24, 0x0, 0x35, 0x98, 0x0, 0x3, 0x27, 0x80,
    0x0, 0x79, 0x61, 0x84, 0x0, 0x2, 0x1a, 0xa6,
    0x0, 0x0, 0xfc, 0x88, 0x70, 0x0, 0x1, 0x13,
    0xe6, 0x3b, 0xe3, 0x8f, 0x80, 0x0, 0x48, 0x47,
    0x0, 0x0, 0x1c, 0x41, 0x50, 0x0, 0x1, 0x0,
    0xd3, 0xa, 0x0, 0x0, 0x7f, 0x7e, 0x80, 0x0,
    0x63, 0xa8, 0x83, 0x50, 0x0, 0x8, 0x6, 0x30,
    0x0, 0x3, 0x81, 0x39, 0x83, 0xc0, 0x0, 0x27,
    0x64, 0x30, 0x0, 0xf, 0xf1, 0xd3, 0xc8, 0x0,
    0x7, 0xf4, 0x19, 0x88, 0x0, 0x7, 0x43, 0x9c,
    0x80, 0x0, 0x46, 0xb1, 0xa0, 0x0, 0x1f, 0xfc,
    0x8, 0x6a, 0x41, 0xc0, 0x0, 0xe, 0x1f, 0xaa,
    0x7d, 0x0, 0x0, 0xf4, 0x1f, 0xff, 0xfe, 0xca,
    0x5, 0x0, 0x0, 0xff, 0xe0, 0xad, 0xf0, 0xe2,
    0x4b, 0x42, 0xcb, 0xe3, 0x71, 0x2a, 0x80, 0x0,
    0x40,

    /* U+0026 "&" */
    0x0, 0x0, 0xfe, 0x6, 0x3b, 0x63, 0x78, 0x72,
    0x5d, 0x2a, 0x1, 0x0, 0x0, 0xff, 0xe4, 0x85,
    0xc0, 0x7a, 0xe2, 0x4e, 0x43, 0xc6, 0xd1, 0x6a,
    0xef, 0xac, 0x80, 0x80, 0x0, 0x7f, 0xf1, 0x96,
    0xbb, 0x5f, 0xc3, 0x0, 0x0, 0x3c, 0x43, 0x4d,
    0x94, 0x5a, 0x0, 0x1, 0xff, 0xc4, 0x65, 0xa5,
    0x19, 0x0, 0x0, 0xff, 0x1a, 0x63, 0x92, 0x0,
    0x0, 0x7f, 0xf0, 0x89, 0x67, 0x40, 0x0, 0x38,
    0x14, 0xb4, 0x88, 0x4, 0x0, 0x3, 0xa, 0xcd,
    0x0, 0x0, 0x7f, 0xf0, 0xae, 0xc1, 0xc0, 0x0,
    0x32, 0xcf, 0x5e, 0x96, 0xee, 0xa9, 0x78, 0x0,
    0x6, 0x41, 0x34, 0x0, 0x0, 0xff, 0xe0, 0xb8,
    0x80, 0x0, 0x63, 0x1a, 0x21, 0x10, 0x0, 0x1,
    0x5f, 0x98, 0x38, 0x0, 0x6, 0x4b, 0x0, 0x0,
    0xff, 0xe0, 0x9, 0x88, 0x0, 0x0, 0x6b, 0x60,
    0x40, 0x0, 0xc, 0x46, 0x60, 0x0, 0x1, 0xb8,
    0x0, 0x0, 0x3f, 0xf8, 0x0, 0x80, 0x0, 0x1c,
    0x3a, 0x0, 0x1, 0xe7, 0x0, 0x0, 0xc, 0x16,
    0x0, 0x1, 0xff, 0xc0, 0x17, 0x9, 0x0, 0x0,
    0xd8, 0xa0, 0x0, 0x1c, 0xc, 0xa0, 0x0, 0x1,
    0xbf, 0xc0, 0x0, 0x3f, 0xf8, 0x2b, 0x80, 0x0,
    0x19, 0x64, 0xac, 0x0, 0x3, 0x3d, 0xb, 0x80,
    0x0, 0x40, 0x28, 0xa0, 0x0, 0x1f, 0xfc, 0x1e,
    0xa0, 0x0, 0xc, 0xd, 0xf8, 0x22, 0x0, 0x0,
    0x76, 0x82, 0x0, 0x0, 0xca, 0xc5, 0xc0, 0x0,
    0x1f, 0xfc, 0x14, 0x5, 0xd0, 0x0, 0xc, 0x51,
    0xb0, 0x73, 0x7f, 0x12, 0x2, 0x0, 0x1, 0x8,
    0xc5, 0x0, 0x0, 0x7f, 0xf0, 0xec, 0x8, 0x0,
    0x0, 0x31, 0xb6, 0x32, 0x0, 0x0, 0x6, 0x10,
    0xdd, 0x22, 0x0, 0x0, 0xff, 0xe1, 0x89, 0x7b,
    0x8, 0x0, 0x0, 0x7f, 0xf, 0x6e, 0x19, 0x80,
    0x0, 0x7f, 0xf1, 0x4a, 0x5a, 0x0, 0x0, 0x3e,
    0x1, 0x68, 0xec, 0x33, 0x0, 0x0, 0x9b, 0xaf,
    0xef, 0xf4, 0x90, 0x0, 0x7, 0xe2, 0x9c, 0x47,
    0x80, 0x0, 0xf, 0x9c, 0xe5, 0xc3, 0x40, 0x0,
    0x37, 0xd2, 0x2, 0x6, 0x51, 0x0, 0x0, 0xf0,
    0x1b, 0xc6, 0x89, 0xd8, 0x0, 0x7, 0xe7, 0x64,
    0xd0, 0x0, 0xe, 0xe, 0x0, 0x0, 0xcf, 0x80,
    0x0, 0x1c, 0x9, 0x59, 0xe, 0xe, 0x0, 0x1,
    0x82, 0x80, 0x0, 0x30, 0x25, 0xd1, 0xf8, 0x0,
    0x6, 0x3f, 0x0, 0x0, 0xc2, 0x20, 0x0, 0x18,
    0x6, 0x99, 0x40, 0x0, 0x3, 0x0, 0xba, 0x7c,
    0xae, 0x0, 0x0, 0x60, 0x8c, 0xd3, 0x30, 0x0,
    0x8, 0x68, 0x0, 0x3, 0x18, 0x0, 0x0, 0x65,
    0x65, 0xd0, 0x0, 0xc, 0xd, 0x65, 0x16, 0x19,
    0x4e, 0x98, 0x0, 0x1, 0x83, 0x76, 0xa, 0x40,
    0x0, 0x95, 0xc0, 0x0, 0x37, 0x18, 0x0, 0x4,
    0x3, 0xa, 0x0, 0x1, 0xd4, 0xe9, 0x80, 0x0,
    0x0, 0x4b, 0xa3, 0xe0, 0x0, 0xc, 0x29, 0x94,
    0x3e, 0x7a, 0x2e, 0x0, 0x1, 0x8d, 0x40, 0x0,
    0x23, 0x2, 0xd0, 0x0, 0xc, 0x58, 0xbc, 0x0,
    0x1, 0x82, 0x73, 0xcc, 0x40, 0x0, 0x30, 0xe6,
    0x2c, 0x98, 0x0, 0x6, 0x2, 0x5c, 0x0, 0x0,
    0x99, 0xc0, 0x0, 0x39, 0x18, 0x0, 0x3, 0xc1,
    0xdb, 0x4, 0xa0, 0x0, 0x18, 0x95, 0x4c, 0x0,
    0x3, 0x22, 0x8a, 0x0, 0x0, 0x44, 0x0, 0x0,
    0x1c, 0xc, 0x0, 0x1, 0xf0, 0xb6, 0x28, 0xd8,
    0x0, 0x7, 0xf7, 0x0, 0x0, 0x6, 0x1c, 0x0,
    0x0, 0xe5, 0xb0, 0x0, 0xf, 0xc3, 0xf9, 0xa2,
    0x60, 0x0, 0x1f, 0x17, 0x2d, 0x80, 0x0, 0x62,
    0x60, 0x0, 0xe, 0x34, 0x41, 0x0, 0x0, 0xfc,
    0x53, 0x54, 0x0, 0x1, 0xf4, 0xb0, 0x18, 0x0,
    0x6, 0x46, 0xb, 0x0, 0x0, 0xc0, 0x75, 0x6,
    0xc0, 0x0, 0x1f, 0x1d, 0xce, 0x0, 0x0, 0x7d,
    0xf8, 0xe, 0x0, 0x1, 0x82, 0x98, 0xc0, 0x0,
    0x38, 0x5b, 0x26, 0xb5, 0x88, 0xf4, 0xad, 0x5,
    0xd3, 0xb, 0x10, 0x94, 0x0, 0x3, 0xe4, 0x4b,
    0x60, 0x40, 0x0, 0xd, 0xc, 0x2e, 0x0, 0x1,
    0xe5, 0x29, 0xdc, 0x2d, 0x4b, 0xe8, 0xb3, 0xd0,
    0x0, 0xf, 0xf2, 0x75, 0x18, 0x10, 0x0, 0x4,
    0x23, 0x8c, 0x28, 0x0, 0x1, 0xff, 0xc4, 0x21,
    0x68, 0x0, 0x0, 0xe5, 0x89, 0xe0, 0x10, 0x0,
    0x8, 0xbb, 0x25, 0xc, 0x0, 0x3, 0xff, 0x82,
    0x10, 0xdb, 0xa5, 0x2e, 0xe2, 0x0, 0x1, 0xcc,
    0x72, 0x0, 0x0, 0x18, 0x8a, 0xf2, 0xdd, 0x44,
    0x20, 0x0, 0x3, 0xe0, 0x43, 0x68, 0xae, 0x59,
    0x20, 0xc0, 0x8, 0xf5, 0xc0, 0x0, 0xe, 0x6e,
    0x85, 0x0, 0x0, 0xe4, 0x8a, 0xef, 0x2c, 0xba,
    0x29, 0x18, 0x49, 0x1a, 0x4c, 0xf, 0x1c, 0x97,
    0x51, 0x20, 0x0, 0x8, 0x6, 0x8f, 0xff, 0xff,
    0xd0, 0xa0,

    /* U+0027 "'" */
    0x9f, 0xff, 0xff, 0xdb, 0x60, 0x0, 0x1f, 0xff,
    0x6a, 0x9a, 0x8a, 0x8d, 0x20,

    /* U+0028 "(" */
    0x0, 0x0, 0xe0, 0x5c, 0xcf, 0xff, 0xfd, 0xda,
    0x38, 0x0, 0x1, 0xd0, 0x6, 0x60, 0x0, 0x1a,
    0xfc, 0x70, 0x0, 0x3, 0x1d, 0xbc, 0x80, 0x0,
    0x64, 0x45, 0x20, 0x0, 0xc, 0x1b, 0xca, 0x6,
    0x0, 0x1, 0xa2, 0xc0, 0x0, 0x3a, 0x28, 0x84,
    0x0, 0x3, 0x1d, 0x98, 0x0, 0x0, 0x60, 0xc6,
    0x80, 0x0, 0xe, 0xa4, 0x0, 0x0, 0xe6, 0x21,
    0x0, 0x0, 0xc, 0x1a, 0xd6, 0x0, 0x1, 0x80,
    0xac, 0xc0, 0x0, 0x39, 0xa8, 0x2c, 0x0, 0x3,
    0x29, 0x91, 0x0, 0x0, 0x76, 0xc0, 0x0, 0x7,
    0x65, 0x0, 0x0, 0x70, 0x2a, 0x48, 0x0, 0x7,
    0x21, 0x0, 0x0, 0x71, 0x90, 0x48, 0x0, 0x6,
    0x16, 0x26, 0x0, 0x0, 0xe4, 0x50, 0x0, 0xe,
    0x45, 0x0, 0x0, 0xf6, 0xf8, 0x0, 0x7, 0x6e,
    0x0, 0x0, 0x79, 0x20, 0x0, 0x3, 0x89, 0x0,
    0x0, 0x38, 0xc, 0x6c, 0x0, 0x3, 0x85, 0x80,
    0x0, 0x38, 0x50, 0x4, 0x0, 0x3, 0x9c, 0x80,
    0x0, 0x38, 0xec, 0x0, 0x3, 0xc5, 0xc0, 0x0,
    0x1c, 0xda, 0x0, 0x1, 0xe1, 0x20, 0x0, 0xe,
    0x17, 0x0, 0x0, 0xf0, 0x48, 0x0, 0x7, 0x5,
    0x0, 0x0, 0x78, 0x48, 0x0, 0x3, 0x85, 0x0,
    0x0, 0x3c, 0x7e, 0x0, 0x1, 0xcf, 0x60, 0x0,
    0x1e, 0x12, 0x0, 0x0, 0xe2, 0xc0, 0x0, 0xf,
    0x3b, 0x0, 0x0, 0x70, 0xa8, 0x0, 0x7, 0x8b,
    0x0, 0x0, 0x38, 0x28, 0x30, 0x0, 0x3, 0xbc,
    0xc0, 0x0, 0x3c, 0x62, 0x0, 0x1, 0xc8, 0x60,
    0x0, 0x1e, 0x45, 0x0, 0x0, 0xe2, 0xd0, 0xf0,
    0x0, 0xe, 0xcb, 0x0, 0x0, 0xe0, 0x24, 0x50,
    0x0, 0xe, 0x5e, 0x1, 0x0, 0x0, 0xec, 0x0,
    0x0, 0xe, 0x12, 0x29, 0x0, 0x0, 0xe6, 0x20,
    0x70, 0x0, 0xe, 0x5c, 0x0, 0x0, 0xe1, 0x76,
    0x40, 0x0, 0xe, 0xa3, 0x0, 0x0, 0xf5, 0xb8,
    0x0, 0x7, 0x14, 0x1d, 0x0, 0x0, 0x71, 0x5a,
    0x38, 0x0, 0x7, 0x52, 0x0, 0x0, 0x7a, 0x38,
    0xc, 0x0, 0x3, 0x35, 0x7, 0x0, 0x0, 0x71,
    0xb3, 0xe8, 0x0, 0x6, 0xb, 0x8f, 0x0, 0x0,
    0xf4, 0x29, 0xa8, 0x0, 0x6, 0x74, 0x1b, 0x0,
    0x0, 0xe0, 0x4e, 0xc0, 0xa0, 0x0, 0x8, 0x2a,
    0x84, 0x4, 0x0, 0x3, 0x89, 0xad, 0xe5, 0x25,
    0x36, 0x88, 0xd0,

    /* U+0029 ")" */
    0x9, 0xd4, 0xff, 0xff, 0xdd, 0xc3, 0x80, 0x0,
    0x1e, 0x9, 0xf9, 0x4, 0x0, 0x0, 0x84, 0x77,
    0x0, 0x80, 0x0, 0x3c, 0x5a, 0xe8, 0x0, 0x1,
    0x8f, 0xde, 0x0, 0x0, 0x3e, 0x9e, 0xc, 0x0,
    0x0, 0xd0, 0x26, 0x60, 0x0, 0x1e, 0x11, 0x7f,
    0x0, 0x0, 0xc0, 0x90, 0xc0, 0x0, 0x1f, 0x48,
    0x81, 0x0, 0x0, 0x64, 0xa3, 0x10, 0x0, 0xf,
    0xe, 0xa3, 0x80, 0x0, 0x74, 0xd8, 0x0, 0x7,
    0xdc, 0xe0, 0x0, 0x1c, 0xae, 0x4e, 0x0, 0x1,
    0xe4, 0x40, 0x0, 0xe, 0x2, 0xa7, 0x0, 0x0,
    0xf0, 0xc9, 0x40, 0x0, 0x7, 0x21, 0x80, 0x0,
    0x7c, 0x80, 0x0, 0x1, 0xc7, 0x21, 0x80, 0x0,
    0x1e, 0xc1, 0x0, 0x0, 0xe0, 0x54, 0x50, 0x0,
    0xf, 0x20, 0x80, 0x0, 0x7b, 0x14, 0x0, 0x3,
    0xc2, 0xe3, 0x0, 0x0, 0x1c, 0x9a, 0x0, 0x1,
    0xf1, 0x8, 0x0, 0x7, 0x10, 0x80, 0x0, 0x7c,
    0xc6, 0x0, 0x1, 0xc3, 0x80, 0x60, 0x0, 0x1e,
    0x2a, 0x0, 0x0, 0xe0, 0x31, 0x70, 0x0, 0xf,
    0x6, 0x0, 0x0, 0x78, 0x24, 0x0, 0x3, 0xde,
    0x80, 0x0, 0x1e, 0x3a, 0x0, 0x0, 0xf0, 0x18,
    0x0, 0x7, 0x82, 0xc0, 0x0, 0x3c, 0x16, 0x0,
    0x1, 0xe0, 0xd0, 0x0, 0xf, 0x7a, 0x0, 0x0,
    0x78, 0xd8, 0x0, 0x3, 0xc2, 0x20, 0x0, 0x1e,
    0x1d, 0x0, 0x0, 0xf1, 0x0, 0x0, 0x7, 0x9,
    0x85, 0x0, 0x0, 0x79, 0x84, 0x0, 0x3, 0x88,
    0x40, 0x0, 0x3c, 0xe, 0x42, 0x0, 0x1, 0xcd,
    0x60, 0x0, 0x1e, 0x38, 0x5, 0x0, 0x0, 0xec,
    0x20, 0x0, 0xf, 0x20, 0x0, 0x0, 0x79, 0x14,
    0x0, 0x3, 0xd8, 0x0, 0x0, 0x1c, 0x42, 0x42,
    0x0, 0x0, 0xe0, 0x74, 0x80, 0x0, 0xe, 0x45,
    0x0, 0x0, 0xf2, 0x38, 0x40, 0x0, 0x7, 0x65,
    0x80, 0x0, 0x7b, 0x50, 0x0, 0x3, 0x89, 0xd4,
    0x80, 0x0, 0x38, 0x1d, 0xe4, 0x0, 0x3, 0xae,
    0x0, 0x80, 0x0, 0x39, 0x6c, 0x48, 0x0, 0x3,
    0xf, 0x32, 0x80, 0x0, 0x70, 0xc, 0x70, 0x0,
    0x7, 0x45, 0x82, 0x80, 0x0, 0x72, 0x91, 0x68,
    0x0, 0x6, 0x3e, 0x68, 0x0, 0x0, 0xe0, 0x88,
    0xd0, 0x0, 0xc, 0x21, 0xbe, 0x4, 0x0, 0x1,
    0xd0, 0xc4, 0x20, 0x0, 0x1a, 0xdc, 0x78, 0x0,
    0x3, 0x82, 0x79, 0x25, 0x25, 0x35, 0x2a, 0xc0,
    0x0, 0x7, 0x80,

    /* U+002A "*" */
    0x0, 0x0, 0xf0, 0xa, 0x7a, 0x7c, 0x9a, 0x0,
    0x1, 0xff, 0xc1, 0x1, 0xb8, 0xb0, 0xb0, 0x52,
    0x80, 0x0, 0x7f, 0xf0, 0x85, 0x40, 0x0, 0x7,
    0x40, 0x0, 0x1f, 0xcd, 0xc2, 0x20, 0x0, 0x11,
    0x78, 0x0, 0x1, 0xa4, 0x0, 0x2, 0x1b, 0x6a,
    0x0, 0x0, 0x90, 0xa4, 0x7d, 0x51, 0x80, 0x0,
    0xe, 0xa0, 0x0, 0x1, 0xe0, 0x0, 0x2, 0xd7,
    0xa4, 0xb9, 0x90, 0x0, 0x14, 0x98, 0x0, 0xdd,
    0xcc, 0xa8, 0x50, 0xd8, 0x0, 0x0, 0xa8, 0x4e,
    0xae, 0x94, 0x40, 0xb, 0xc4, 0x1, 0x50, 0xb8,
    0x0, 0x2, 0x6a, 0xd1, 0x1e, 0x0, 0x0, 0x1b,
    0x7d, 0xaa, 0x0, 0x0, 0x47, 0x89, 0x2a, 0xd6,
    0xa7, 0xe0, 0x0, 0x11, 0x22, 0x10, 0x0, 0x1,
    0x18, 0x5c, 0x0, 0x2, 0x47, 0xbc, 0x49, 0x0,
    0x4a, 0xc0, 0xc8, 0x51, 0x2, 0x0, 0x0, 0xf0,
    0x2a, 0xee, 0x95, 0xc2, 0x18, 0x0, 0x6, 0x37,
    0xa4, 0x6e, 0x0, 0x0, 0xf4, 0xd, 0x39, 0x68,
    0x0, 0x7, 0xb, 0x41, 0x73, 0xb6, 0x0, 0x0,
    0x7a, 0x13, 0x81, 0xdc, 0x40, 0x0, 0x0, 0x43,
    0x2f, 0xc2, 0xfa, 0x24, 0x0, 0x0, 0x3, 0x0,
    0x0, 0x1, 0x80, 0x0, 0x6, 0xa2, 0x38, 0xe4,
    0x7, 0x6, 0x1a, 0x2, 0x0, 0x0, 0x0, 0x2d,
    0xad, 0x0, 0x0, 0x7, 0xb6, 0x30, 0x0, 0x8,
    0x31, 0xb0, 0xc0, 0xe5, 0x5c, 0x0, 0x0, 0x35,
    0x71, 0x24, 0x6a, 0x0, 0x0, 0x17, 0x9c, 0xb0,
    0x15, 0x0, 0x0, 0x34, 0x16, 0x0, 0x44, 0x3,
    0xaa, 0x7b, 0xa3, 0x0, 0xc, 0x80, 0x0, 0xd,
    0xc0, 0x13, 0xff, 0x53, 0x4, 0xa1, 0x80, 0x0,
    0x4, 0x1a, 0xb5, 0x62, 0x40, 0x0, 0x7, 0x70,
    0x0, 0x0, 0xc8, 0x0, 0x0, 0x5e, 0xcf, 0x2c,
    0x48, 0x0, 0x2, 0x2d, 0x0, 0x0, 0xc5, 0x20,
    0x0, 0x6, 0xb0, 0x0, 0xc, 0x4c, 0x0, 0x1,
    0xf8, 0x4, 0x74, 0x0, 0x0, 0x72, 0x0, 0x1,
    0xf0,

    /* U+002B "+" */
    0x0, 0x0, 0xfe, 0x31, 0x9f, 0x9f, 0xe4, 0x80,
    0x0, 0xf, 0xfe, 0x33, 0xf3, 0x3, 0x7, 0x1d,
    0x80, 0x0, 0x7f, 0xff, 0xc0, 0x0, 0x3f, 0xff,
    0xe0, 0x0, 0x1f, 0xfe, 0xf4, 0x7f, 0xff, 0xff,
    0xd6, 0x0, 0x0, 0x1d, 0x19, 0xff, 0xff, 0xf9,
    0x9c, 0x0, 0x3, 0xff, 0xfe, 0x0, 0x1, 0xff,
    0xcd, 0x6e, 0x6c, 0x6c, 0xfc, 0x94, 0x0, 0x1,
    0xc7, 0x6d, 0x8d, 0x9f, 0x96, 0xca, 0x64, 0xe4,
    0xff, 0x7d, 0x0, 0x0, 0x75, 0xbc, 0x9c, 0x9f,
    0xe3, 0xc0, 0x0, 0xf, 0xff, 0xf8, 0x0, 0x7,
    0xff, 0xfc, 0x0, 0x3, 0xff, 0xcc,

    /* U+002C "," */
    0x0, 0x23, 0x5b, 0x5b, 0xe4, 0x10, 0x5, 0xaa,
    0x4a, 0x4e, 0xca, 0x0, 0xe2, 0x0, 0x0, 0xec,
    0x50, 0x2, 0x60, 0x0, 0xc, 0x2, 0xba, 0x0,
    0xc4, 0x0, 0x1, 0x8a, 0x84, 0xc1, 0x48, 0xc0,
    0x0, 0x32, 0x18, 0x1, 0x30, 0x18, 0x0, 0x6,
    0xcd, 0x0, 0x66, 0x0, 0x0, 0xe4, 0x40, 0x2,
    0x20, 0x0, 0xc, 0x3c, 0x3c, 0x0, 0xee, 0x0,
    0x0, 0xc8, 0xa0, 0x0, 0x2, 0x20, 0x0, 0xd,
    0x86, 0x0, 0x0, 0x66, 0x0, 0x0, 0xc9, 0xa0,
    0x0, 0x2, 0x20, 0x0, 0x8, 0x48, 0xac, 0x0,
    0x0,

    /* U+002D "-" */
    0x29, 0x93, 0x93, 0xff, 0xe1, 0xb, 0xb7, 0x36,
    0x36, 0x7f, 0xf0, 0x8c, 0x0, 0x0, 0x3f, 0xfe,
    0x80,

    /* U+002E "." */
    0x0, 0x0, 0xc, 0xb4, 0x40, 0x24, 0x0, 0x0,
    0x48, 0x1e, 0xd2, 0xef, 0xf6, 0xf5, 0xe0, 0x40,
    0xb4, 0x62, 0x0, 0x0, 0x12, 0x83, 0x49, 0xa8,
    0xe0, 0x0, 0x7, 0x6c, 0xe, 0x80, 0x0, 0x78,
    0x70, 0xb8, 0x8c, 0x0, 0x3, 0xb3, 0x0, 0xfa,
    0xc6, 0x0, 0x0, 0x26, 0x6, 0x20, 0x3, 0x7f,
    0x6a, 0x68, 0xfc, 0x69, 0xf0, 0x10,

    /* U+002F "/" */
    0x0, 0x0, 0xff, 0xb8, 0x7f, 0xff, 0xf7, 0xd8,
    0x78, 0x0, 0x7, 0xf8, 0xb0, 0x78, 0x0, 0x3,
    0x22, 0x7, 0x80, 0x0, 0x7f, 0x96, 0xc0, 0x0,
    0x3b, 0x2c, 0x0, 0x3, 0xfe, 0xb5, 0x0, 0x0,
    0xe5, 0xd0, 0x0, 0xf, 0xf0, 0x89, 0xf0, 0x0,
    0x6, 0x21, 0x29, 0x0, 0x0, 0xff, 0x24, 0x81,
    0x80, 0x0, 0x64, 0xd0, 0x0, 0xf, 0xfb, 0xec,
    0x0, 0x3, 0xb6, 0x80, 0x0, 0x3f, 0xc0, 0x49,
    0x0, 0x0, 0x18, 0x25, 0x4, 0x0, 0x3, 0xfc,
    0x76, 0x28, 0x0, 0x1, 0x91, 0x42, 0x0, 0x0,
    0x3f, 0xd7, 0xa0, 0x0, 0x1d, 0xb6, 0x0, 0x1,
    0xff, 0x25, 0x80, 0x0, 0x73, 0xb0, 0x0, 0x7,
    0xf8, 0x68, 0xc0, 0x0, 0x3, 0x16, 0xf, 0x0,
    0x0, 0x7f, 0x9f, 0x80, 0x0, 0x39, 0x6c, 0x0,
    0x3, 0xfe, 0xcb, 0x0, 0x0, 0xeb, 0x50, 0x0,
    0xf, 0xf0, 0x32, 0xe0, 0x0, 0x6, 0x11, 0x3e,
    0x0, 0x0, 0xff, 0x21, 0x86, 0x0, 0x0, 0x64,
    0x90, 0x30, 0x0, 0xf, 0xf6, 0xa8, 0x0, 0x7,
    0x7d, 0x0, 0x0, 0x7f, 0xc9, 0x60, 0x0, 0x18,
    0x9, 0x20, 0x0, 0x3, 0xfc, 0x4c, 0x48, 0x0,
    0x1, 0x8e, 0x85, 0x40, 0x0, 0x3f, 0xca, 0xe0,
    0x0, 0x1d, 0x76, 0x0, 0x1, 0xff, 0x66, 0x80,
    0x0, 0x72, 0x68, 0x0, 0x7, 0xf8, 0x35, 0x14,
    0x0, 0x3, 0xc, 0x98, 0x0, 0x0, 0x7f, 0x97,
    0x1, 0x80, 0x0, 0x33, 0xd0, 0x8, 0x0, 0x7,
    0xfb, 0x34, 0x0, 0x3, 0xb3, 0x40, 0x0, 0x3f,
    0xc0, 0x2f, 0x40, 0x0, 0x18, 0x19, 0x70, 0x0,
    0x3, 0xfc, 0x66, 0x32, 0x0, 0x1, 0x90, 0x83,
    0x40, 0x0, 0x3f, 0xc9, 0xe0, 0x0, 0x1d, 0x94,
    0x0, 0x1, 0xff, 0x5a, 0x80, 0x0, 0x72, 0xb8,
    0x0, 0x7, 0xf8, 0x54, 0xd4, 0x0, 0x3, 0x12,
    0x13, 0x0, 0x0, 0x7f, 0x92, 0xc0, 0x80, 0x0,
    0x32, 0x58, 0x0, 0x7, 0xfd, 0xee, 0x0, 0x1,
    0xda, 0xa0, 0x0, 0x1f, 0xe0, 0x44, 0x60, 0x0,
    0xc, 0x16, 0x84, 0x0, 0x1, 0xfe, 0x3b, 0x10,
    0x0, 0x0, 0xc8, 0x80, 0xe0, 0x0, 0x1f, 0xeb,
    0x60, 0x0, 0xe, 0xd5, 0x0, 0x0, 0xff, 0x97,
    0x40, 0x0, 0x39, 0xf8, 0x0, 0x3, 0xfc, 0x3e,
    0x56, 0x0, 0x1, 0x8c, 0x6, 0xc0, 0x0, 0x3f,
    0xce, 0xa0, 0x0, 0x1c, 0x94, 0x0, 0x1, 0xff,
    0x6f, 0x80, 0x0, 0x75, 0xf8, 0x0, 0x7, 0xfd,
    0x87, 0x1, 0x1, 0xa0, 0x4e, 0x40, 0x0, 0x3f,
    0xe0,

    /* U+0030 "0" */
    0x0, 0x0, 0xff, 0xd, 0x23, 0x30, 0x3c, 0x34,
    0xa7, 0x16, 0x80, 0x0, 0x7f, 0xf1, 0x41, 0x9a,
    0xb0, 0xf9, 0x2e, 0x67, 0xe1, 0xe5, 0xac, 0x74,
    0xb7, 0xa2, 0x6, 0xc0, 0x0, 0x3f, 0xf8, 0x27,
    0x9a, 0x72, 0xa7, 0x80, 0x20, 0x0, 0x1e, 0x21,
    0x77, 0xe9, 0x6c, 0x2, 0x0, 0x0, 0xff, 0x2f,
    0xe0, 0x95, 0x0, 0x0, 0x7f, 0xc1, 0xb2, 0x75,
    0x60, 0x60, 0x0, 0x1f, 0x96, 0x68, 0x80, 0x80,
    0x0, 0x3f, 0xf8, 0x4a, 0xd4, 0xc0, 0x40, 0x0,
    0x1e, 0x24, 0xae, 0x2, 0x0, 0x0, 0xf0, 0x51,
    0x48, 0xa0, 0x0, 0x7, 0xcb, 0x4d, 0x0, 0x0,
    0x1e, 0x9e, 0x8, 0x0, 0x0, 0xe1, 0x1a, 0xf,
    0xd, 0x6e, 0xbc, 0x63, 0x60, 0x0, 0xf, 0x4d,
    0xc, 0x80, 0x0, 0x64, 0xa4, 0x50, 0x0, 0xe,
    0x10, 0xc7, 0x5f, 0x5, 0x0, 0x0, 0x1c, 0xe0,
    0x1f, 0x80, 0x0, 0x70, 0x7c, 0x70, 0x0, 0x6,
    0xe4, 0x0, 0x0, 0xf5, 0x91, 0x48, 0x0, 0x7,
    0x4, 0xee, 0x6, 0x80, 0x0, 0x73, 0x30, 0x50,
    0x0, 0x0, 0x55, 0x50, 0x0, 0x3, 0x89, 0x57,
    0x0, 0x0, 0x3e, 0x1c, 0x7c, 0x0, 0x0, 0xe0,
    0xe5, 0x70, 0x0, 0x2, 0x58, 0x28, 0x0, 0x7,
    0x57, 0x80, 0x80, 0x0, 0x7e, 0xa7, 0x0, 0x0,
    0xf7, 0xb0, 0x0, 0x3, 0x34, 0x0, 0x3, 0xcb,
    0x60, 0x0, 0x1f, 0xc5, 0x23, 0x60, 0x0, 0x1c,
    0xe8, 0x0, 0x0, 0x54, 0x0, 0x0, 0xe0, 0xd2,
    0xf0, 0x0, 0xf, 0xf2, 0x70, 0x0, 0x7, 0x10,
    0xa, 0x0, 0x1a, 0x0, 0x0, 0x71, 0xf8, 0x8,
    0x0, 0x7, 0xf8, 0xbc, 0x0, 0x3, 0xc5, 0x60,
    0xa1, 0x80, 0x0, 0x1c, 0xc2, 0x0, 0x1, 0xff,
    0x70, 0x0, 0x0, 0x79, 0xbc, 0x40, 0x0, 0x3,
    0xc6, 0x60, 0x0, 0x1f, 0xf1, 0xe8, 0x0, 0x7,
    0x8c, 0xc, 0x40, 0x0, 0x3c, 0x16, 0x0, 0x1,
    0xff, 0xa, 0x80, 0x0, 0x78, 0x40, 0x1c, 0x0,
    0x3, 0xff, 0x8c, 0x6, 0x0, 0x1, 0xe1, 0xe3,
    0x70, 0x0, 0xf, 0x5, 0x80, 0x0, 0x7f, 0xc2,
    0xe0, 0x0, 0x1e, 0x30, 0x11, 0x0, 0x0, 0xf1,
    0x90, 0x0, 0x7, 0xfc, 0x7c, 0x0, 0x1, 0xe1,
    0x0, 0x50, 0xd0, 0x0, 0xe, 0x60, 0x0, 0x0,
    0xff, 0xb8, 0x0, 0x0, 0x3c, 0xe4, 0x0, 0x6e,
    0x0, 0x1, 0xc7, 0x80, 0x20, 0x0, 0x1f, 0xe2,
    0xc0, 0x0, 0xe, 0x1, 0x33, 0x0, 0x54, 0x0,
    0x0, 0xe0, 0xe2, 0xc0, 0x0, 0xf, 0xf2, 0x70,
    0x0, 0x7, 0x12, 0x7, 0x80, 0x66, 0x80, 0x0,
    0x79, 0x64, 0x0, 0x3, 0xf8, 0xac, 0x68, 0x0,
    0x3, 0x9f, 0x0, 0x0, 0x9, 0xe0, 0xc0, 0x0,
    0x1d, 0x58, 0x2, 0x0, 0x1, 0xfa, 0x90, 0x0,
    0x3, 0xde, 0x40, 0x0, 0x1, 0x35, 0x50, 0x0,
    0xe, 0x27, 0x5a, 0x0, 0x0, 0xf8, 0x75, 0xf4,
    0x0, 0x3, 0x84, 0x94, 0x80, 0x0, 0x2e, 0x40,
    0x0, 0xf, 0x5a, 0x94, 0x0, 0x0, 0x70, 0x56,
    0xe0, 0x68, 0x0, 0x7, 0x31, 0x3, 0x0, 0x0,
    0x49, 0x8, 0xe0, 0x0, 0x1c, 0x23, 0x8a, 0xbe,
    0xa, 0x0, 0x0, 0x3a, 0xc0, 0x3e, 0x0, 0x0,
    0xe1, 0x39, 0xc0, 0x0, 0xe, 0x9a, 0x9, 0x0,
    0x0, 0xe1, 0x2a, 0xf, 0x3d, 0x9e, 0xcc, 0x53,
    0x50, 0x0, 0xf, 0x47, 0x9, 0x80, 0x0, 0x71,
    0x15, 0x0, 0x18, 0x0, 0x7, 0x82, 0x49, 0x84,
    0xc0, 0x0, 0x3e, 0x64, 0x63, 0x0, 0x0, 0xf9,
    0x5a, 0x88, 0x8, 0x0, 0x3, 0xff, 0x84, 0xb9,
    0x32, 0x2, 0x0, 0x1, 0xf9, 0x7b, 0x18, 0xa8,
    0x0, 0x3, 0xfe, 0xf, 0x97, 0xa2, 0x2, 0x0,
    0x0, 0xff, 0x1d, 0xe9, 0xca, 0x9d, 0x80, 0x80,
    0x0, 0x78, 0x89, 0xe7, 0xa5, 0xa0, 0x4, 0x0,
    0x3, 0xff, 0x80, 0xc, 0xd5, 0x89, 0xcb, 0x71,
    0x3d, 0xd, 0x2b, 0x61, 0xa3, 0xbb, 0xc, 0x32,
    0x0, 0x1, 0xf0,

    /* U+0031 "1" */
    0x0, 0x0, 0xf8, 0x1a, 0x27, 0xf7, 0xff, 0xff,
    0xaf, 0xc0, 0x0, 0x3c, 0x57, 0xac, 0xec, 0x4,
    0x0, 0x1, 0xfe, 0x1, 0x6f, 0xdc, 0x2f, 0x0,
    0x0, 0xff, 0x86, 0xae, 0xe4, 0x2, 0x0, 0x0,
    0x3f, 0xe5, 0x5f, 0x74, 0x50, 0x0, 0xf, 0xf8,
    0xe, 0x86, 0xa8, 0x48, 0x0, 0x3, 0xff, 0x80,
    0x10, 0xbc, 0x0, 0x1, 0xc0, 0x6f, 0x44, 0xa0,
    0x0, 0x1f, 0xfc, 0x2, 0x2c, 0x78, 0x50, 0x90,
    0x0, 0xf, 0xf9, 0x8b, 0x44, 0xec, 0x0, 0x3,
    0xfe, 0x15, 0xb0, 0x9d, 0xc, 0x0, 0x0, 0xff,
    0x93, 0x3f, 0x53, 0xc0, 0x0, 0x3f, 0xe0, 0x29,
    0x9b, 0x31, 0x70, 0x0, 0xf, 0xfe, 0x0, 0x4b,
    0x30, 0x0, 0x7, 0xff, 0xfc, 0x0, 0x3, 0xff,
    0xfe, 0x0, 0x1, 0xff, 0xff, 0x0, 0x0, 0xff,
    0xff, 0x80, 0x0, 0x7f, 0xf1, 0x80,

    /* U+0032 "2" */
    0x0, 0x0, 0xfe, 0x26, 0x54, 0x69, 0x7a, 0x6d,
    0x5a, 0x31, 0x3, 0x0, 0x0, 0xff, 0xe1, 0x11,
    0xca, 0x73, 0x6c, 0xd5, 0xcb, 0x42, 0xc9, 0x52,
    0xe7, 0x78, 0xd4, 0x1d, 0x0, 0x0, 0x7f, 0x82,
    0x65, 0x37, 0x9a, 0xc6, 0x40, 0x0, 0x3e, 0xd,
    0x57, 0xc5, 0xb3, 0x19, 0x0, 0x0, 0xf8, 0x63,
    0x75, 0xac, 0x8, 0x0, 0x3, 0xff, 0x80, 0x99,
    0xe4, 0x5a, 0x0, 0x1, 0xc1, 0xf9, 0x5, 0x60,
    0x0, 0x1f, 0xfc, 0x31, 0x4c, 0x41, 0xc0, 0x0,
    0xd, 0x2e, 0x5e, 0x0, 0x1, 0xe0, 0x73, 0x4,
    0xb2, 0x70, 0x30, 0x0, 0xf, 0xb, 0x56, 0x0,
    0x0, 0x45, 0x8c, 0xa0, 0x0, 0x1c, 0x11, 0x5,
    0xff, 0x9f, 0x69, 0xb1, 0xcc, 0xbc, 0x0, 0x1,
    0xe4, 0xf2, 0xf0, 0x0, 0x5, 0x30, 0x10, 0x0,
    0x6, 0x1, 0xb5, 0x7d, 0x7, 0x0, 0x0, 0x86,
    0xa8, 0x5b, 0x80, 0x0, 0x3d, 0x50, 0x0, 0x0,
    0x53, 0x0, 0x0, 0xe6, 0xc4, 0x20, 0x0, 0xf,
    0xa5, 0x4, 0x80, 0x0, 0x38, 0xc8, 0x0, 0x8,
    0x94, 0x0, 0x3, 0xb4, 0x80, 0x0, 0x3f, 0x2,
    0xac, 0x0, 0x0, 0x73, 0xd0, 0x0, 0x81, 0x79,
    0x61, 0x67, 0x28, 0x0, 0x0, 0x7f, 0xd, 0x0,
    0x0, 0x73, 0xd0, 0x0, 0x96, 0x9e, 0x9f, 0x84,
    0x0, 0x0, 0x3f, 0x9d, 0x80, 0x0, 0x38, 0xf8,
    0x0, 0x3, 0xff, 0x8a, 0x80, 0x4c, 0x0, 0x1,
    0xdb, 0x80, 0x0, 0x1f, 0xfc, 0x40, 0x58, 0xb0,
    0x0, 0xe, 0x21, 0x53, 0x0, 0x0, 0xff, 0xe2,
    0x45, 0x1a, 0x0, 0x0, 0x75, 0xe8, 0x20, 0x0,
    0x7, 0xff, 0xd, 0xb9, 0xc0, 0x0, 0x3, 0x8f,
    0x19, 0xc0, 0x0, 0x3f, 0xf8, 0x6c, 0x12, 0x0,
    0x0, 0x1c, 0x31, 0xb4, 0x8, 0x0, 0x1, 0xff,
    0xc2, 0x5f, 0x9d, 0x1, 0x0, 0x0, 0xc0, 0xfb,
    0x43, 0x20, 0x0, 0x1f, 0xfc, 0x26, 0x6a, 0x10,
    0x20, 0x0, 0xc, 0xb, 0x6a, 0x7a, 0x0, 0x1,
    0xff, 0xc2, 0x6e, 0x98, 0x1, 0x0, 0x0, 0xc0,
    0x75, 0xe9, 0xa0, 0x0, 0x1f, 0xfc, 0x27, 0x59,
    0x10, 0x10, 0x0, 0xc, 0x9, 0x4a, 0xaa, 0x0,
    0x1, 0xff, 0xc2, 0x7c, 0x8a, 0x0, 0x0, 0xe0,
    0x6a, 0x95, 0x90, 0x0, 0xf, 0xfe, 0x14, 0x2c,
    0x18, 0x0, 0x7, 0x3, 0xd9, 0x29, 0x0, 0x0,
    0x7f, 0xf0, 0xa3, 0x5e, 0x80, 0x0, 0x38, 0x2a,
    0xf5, 0x2c, 0x0, 0x3, 0xff, 0x82, 0x3, 0x2a,
    0xe4, 0x0, 0x1, 0xc1, 0x99, 0x68, 0xa0, 0x0,
    0x1f, 0xfc, 0x10, 0x29, 0xd6, 0xa0, 0x0, 0xe,
    0xf, 0xca, 0x3e, 0x0, 0x0, 0xff, 0xe0, 0x81,
    0xd0, 0xb1, 0x80, 0x0, 0x70, 0x96, 0x19, 0xc8,
    0x0, 0x7, 0xff, 0x4, 0x12, 0xa5, 0x70, 0x0,
    0x3, 0xd3, 0xee, 0x8, 0x68, 0x7f, 0xfc, 0x1,
    0x40, 0x9, 0x85, 0x50, 0x0, 0xf, 0xa3, 0x6f,
    0x2f, 0x3f, 0xf8, 0x2b, 0xe0, 0xb, 0xe0, 0x0,
    0x1f, 0xff, 0xf0, 0x0, 0xf, 0xfe, 0x58,

    /* U+0033 "3" */
    0x0, 0x0, 0xfe, 0x14, 0x4a, 0x62, 0x75, 0x77,
    0x66, 0x4f, 0x1c, 0x0, 0x0, 0xff, 0xe1, 0x89,
    0x3a, 0x6a, 0xf5, 0xda, 0xce, 0xc5, 0x44, 0x4c,
    0xd8, 0x71, 0xf1, 0x43, 0x10, 0x80, 0x0, 0x7f,
    0xcc, 0x9c, 0x11, 0x65, 0x40, 0x0, 0x1f, 0x87,
    0x5e, 0x76, 0x21, 0x1, 0xc0, 0x0, 0x3e, 0x2,
    0xa2, 0x9b, 0xd, 0x0, 0x0, 0xff, 0xe0, 0x3,
    0x3d, 0xdd, 0x86, 0x0, 0x0, 0x7a, 0x55, 0x74,
    0x0, 0x3, 0xff, 0x88, 0x87, 0x4e, 0x0, 0x1,
    0xc8, 0x8d, 0x0, 0x0, 0x1e, 0xa, 0x36, 0x5b,
    0x4d, 0x29, 0x1, 0x0, 0x0, 0xf2, 0xa2, 0x68,
    0x0, 0x6, 0x89, 0x0, 0x0, 0xe0, 0x16, 0xde,
    0x7c, 0x9a, 0x4b, 0x2d, 0x6c, 0xa3, 0xb0, 0x0,
    0xf, 0x7f, 0x0, 0x0, 0x45, 0x26, 0x40, 0x0,
    0x1c, 0xf5, 0x24, 0x24, 0x0, 0x1, 0x8d, 0x32,
    0x49, 0x0, 0x0, 0x39, 0x10, 0x4, 0x0, 0x0,
    0x88, 0x0, 0x1, 0xc3, 0xf0, 0xe0, 0x0, 0x1f,
    0x6, 0xdf, 0x80, 0x0, 0x70, 0x40, 0xb8, 0x0,
    0x3, 0xf0, 0x0, 0x3, 0x9f, 0x40, 0xc0, 0x0,
    0x3f, 0x2b, 0x0, 0x0, 0x70, 0x8, 0xe8, 0x0,
    0x2, 0x23, 0x63, 0x63, 0xa3, 0xc0, 0x0, 0x3f,
    0x9c, 0x40, 0x0, 0x38, 0x94, 0x2c, 0x0, 0x0,
    0x32, 0x4e, 0x4f, 0xc2, 0x40, 0x0, 0x1f, 0xd8,
    0x40, 0x0, 0x1c, 0xfa, 0x0, 0x1, 0xff, 0xc6,
    0x2d, 0x76, 0x0, 0x0, 0xc0, 0xd0, 0x0, 0x0,
    0x1f, 0xfc, 0x40, 0xa7, 0xc, 0x30, 0x80, 0x0,
    0xd, 0xc, 0x4c, 0x0, 0x1, 0xfe, 0x9, 0xc3,
    0xc3, 0xb1, 0x37, 0xfd, 0xe3, 0xc4, 0x40, 0x0,
    0x20, 0x48, 0xd7, 0xf0, 0x0, 0xf, 0xf8, 0x8,
    0xf0, 0xf2, 0x3b, 0x20, 0x2, 0x0, 0x0, 0x82,
    0x95, 0x70, 0xdc, 0x80, 0x0, 0x3f, 0xf9, 0x23,
    0x32, 0x36, 0xe7, 0x0, 0x0, 0x1f, 0xfc, 0xa1,
    0x99, 0xbe, 0x2d, 0xf5, 0xb0, 0x0, 0xf, 0xfe,
    0x61, 0x5, 0x25, 0xb8, 0xc8, 0x0, 0x7, 0xf8,
    0x2f, 0xff, 0xff, 0x74, 0xe3, 0xc5, 0x8b, 0x80,
    0x0, 0x72, 0x45, 0x38, 0x8, 0x0, 0x7, 0xff,
    0x8, 0x58, 0xe1, 0xd3, 0x85, 0x28, 0x0, 0x3,
    0x90, 0x5b, 0x40, 0x0, 0x3f, 0xf8, 0xa1, 0x34,
    0x83, 0x60, 0x0, 0x1d, 0x2, 0x6, 0x0, 0x1,
    0xff, 0xc5, 0x11, 0x78, 0x0, 0x0, 0xe1, 0x23,
    0x70, 0xf3, 0xf3, 0xff, 0x4, 0x0, 0x0, 0x7f,
    0xbc, 0x80, 0x0, 0x3c, 0xca, 0x51, 0x81, 0x81,
    0xe4, 0x40, 0x0, 0xf, 0xf7, 0xe0, 0x0, 0x7,
    0x80, 0xc8, 0x81, 0x40, 0x0, 0x3b, 0xb4, 0x0,
    0x3, 0xf8, 0x1d, 0x2c, 0x0, 0x3, 0xcc, 0x20,
    0xa9, 0xc0, 0x0, 0x1c, 0xbc, 0xca, 0x0, 0x1,
    0xf0, 0xc, 0xc1, 0x30, 0x0, 0x7, 0x6, 0x9d,
    0x0, 0x73, 0x0, 0x0, 0x7a, 0x6e, 0xb8, 0xe0,
    0x1c, 0x0, 0x0, 0x1a, 0x99, 0x98, 0xc0, 0x0,
    0x1, 0xe6, 0xe0, 0x90, 0x5, 0x34, 0x0, 0x0,
    0xe, 0x1, 0x51, 0xc7, 0xf9, 0xe3, 0xe7, 0xf2,
    0xb3, 0x32, 0x0, 0x0, 0xf0, 0x74, 0x10, 0x0,
    0x0, 0x6, 0x70, 0x58, 0x0, 0x3, 0xe0, 0x11,
    0xc1, 0x80, 0x0, 0xf, 0xc0, 0x55, 0x3, 0xc0,
    0x0, 0x11, 0x1e, 0x18, 0xc8, 0x0, 0x7, 0xff,
    0x10, 0x1a, 0xa9, 0x64, 0x0, 0x3, 0x8a, 0xbd,
    0x56, 0x80, 0x0, 0x3f, 0xf8, 0x48, 0x5a, 0x2a,
    0xe0, 0x0, 0x1f, 0x9, 0xd2, 0xe9, 0x34, 0x8b,
    0x80, 0x0, 0x7e, 0x16, 0x65, 0xc7, 0xbd, 0x28,
    0x0, 0x0, 0xff, 0x16, 0xcb, 0x74, 0x6e, 0x55,
    0xcc, 0x43, 0x44, 0xcd, 0x57, 0xf0, 0x74, 0xcd,
    0x1c, 0x0, 0x0, 0x78,

    /* U+0034 "4" */
    0x0, 0x0, 0xff, 0xe0, 0xd, 0x77, 0xff, 0xff,
    0xfe, 0xab, 0x0, 0x0, 0xff, 0xe2, 0x54, 0x88,
    0x0, 0x0, 0x7f, 0xf3, 0x17, 0x93, 0x0, 0x0,
    0x3f, 0xf9, 0x83, 0x36, 0x0, 0x0, 0x1f, 0xfc,
    0xda, 0x91, 0x10, 0x0, 0xc, 0x18, 0x0, 0x1,
    0xff, 0xc7, 0x57, 0x4f, 0x0, 0x0, 0xc5, 0x4f,
    0x0, 0x0, 0x1f, 0xfc, 0x61, 0x4b, 0xd0, 0x0,
    0xc, 0x7, 0xc0, 0x10, 0x0, 0x1, 0xff, 0xc6,
    0xb0, 0x15, 0x0, 0x0, 0xcf, 0x6, 0xa0, 0x0,
    0x1f, 0xfc, 0x64, 0x85, 0xb0, 0x0, 0xc, 0x5b,
    0x4, 0x0, 0x1, 0xff, 0xc6, 0xb, 0xa8, 0x0,
    0x0, 0xc0, 0x9c, 0x60, 0xc0, 0x0, 0x1f, 0xfc,
    0x68, 0x71, 0xf0, 0x0, 0xc, 0xf8, 0x62, 0x0,
    0x1, 0xff, 0xc6, 0x2f, 0x77, 0x0, 0x0, 0xc4,
    0xb1, 0xe0, 0x0, 0x1f, 0xfc, 0x60, 0x1e, 0x90,
    0x40, 0x0, 0x8, 0x7, 0x90, 0x20, 0x0, 0x3,
    0xff, 0x8c, 0xbc, 0x72, 0x0, 0x1, 0x99, 0xcf,
    0x80, 0x0, 0x3f, 0xf8, 0xc1, 0xd6, 0xe0, 0x0,
    0x18, 0x4e, 0x2c, 0x0, 0x3, 0xff, 0x8f, 0x0,
    0x2e, 0x0, 0x1, 0xa2, 0x4, 0x80, 0x0, 0x3f,
    0xf8, 0xc5, 0x2e, 0xa0, 0x0, 0x18, 0xd5, 0x94,
    0x0, 0x3, 0xff, 0x8f, 0x36, 0x8, 0x0, 0x1,
    0xbc, 0x80, 0x40, 0x0, 0x3f, 0xf8, 0xc7, 0xc9,
    0xa0, 0x0, 0x19, 0x50, 0xe0, 0x0, 0x3, 0xff,
    0x8f, 0xec, 0x0, 0x1, 0x81, 0x23, 0x80, 0x0,
    0x3f, 0xf8, 0xe9, 0x86, 0xe0, 0x0, 0x19, 0xb0,
    0x94, 0x0, 0x3, 0xff, 0x8e, 0x4e, 0x0, 0x1,
    0xcd, 0x1f, 0xff, 0xff, 0xcf, 0x80, 0x0, 0x1c,
    0xa9, 0xff, 0xff, 0x65, 0x80, 0x0, 0x7f, 0xff,
    0xc0, 0x0, 0x3f, 0xfa, 0xa9, 0x56, 0x16, 0x1f,
    0xfc, 0x33, 0xf0, 0x0, 0xe, 0x39, 0xb0, 0xb0,
    0xbd, 0x8, 0x53, 0xd3, 0xff, 0xf8, 0x6c, 0x60,
    0x0, 0x1c, 0xda, 0x9e, 0x9f, 0x1f, 0x80, 0x0,
    0x7f, 0xff, 0xc0, 0x0, 0x3f, 0xfa, 0xa0,

    /* U+0035 "5" */
    0x0, 0x0, 0x39, 0xff, 0xff, 0xff, 0xf1, 0xf0,
    0xc0, 0x0, 0x37, 0xd8, 0x0, 0x7, 0xff, 0x30,
    0x54, 0x0, 0x3, 0xff, 0x98, 0x5c, 0x0, 0x1,
    0xff, 0xcc, 0x7b, 0x0, 0x0, 0xff, 0xe6, 0xb,
    0x0, 0x0, 0x62, 0xbb, 0xcb, 0xcf, 0xfe, 0x17,
    0xb8, 0x0, 0x6, 0x2d, 0x0, 0x0, 0xcc, 0xc8,
    0x68, 0x7f, 0xfc, 0x23, 0x40, 0x0, 0x8, 0x24,
    0x30, 0x0, 0x3, 0x16, 0x0, 0x0, 0x7f, 0xf1,
    0x85, 0xc0, 0x0, 0x38, 0x50, 0x0, 0x3, 0xff,
    0x8c, 0x54, 0x0, 0x1, 0xdf, 0x80, 0x0, 0x1f,
    0xfc, 0x67, 0xd0, 0x0, 0xe, 0x14, 0x0, 0x0,
    0xff, 0xe3, 0xb, 0x0, 0x0, 0x71, 0x60, 0x0,
    0x0, 0xf2, 0x5b, 0x3b, 0xab, 0xe3, 0x87, 0x9,
    0xf4, 0xb0, 0x0, 0x3, 0xe2, 0xb0, 0x0, 0xe,
    0x74, 0x1a, 0xb6, 0xc3, 0x69, 0x31, 0x15, 0x7,
    0x1e, 0x3d, 0x82, 0xd2, 0xaa, 0x21, 0x0, 0x0,
    0xef, 0xd0, 0x0, 0xe, 0x7a, 0xfe, 0x49, 0x0,
    0x0, 0xfc, 0x2, 0xab, 0x98, 0x86, 0x0, 0x1,
    0x85, 0x80, 0x0, 0x3a, 0x6c, 0x6c, 0x0, 0x3,
    0xfe, 0x12, 0xbb, 0x37, 0x0, 0x0, 0x8a, 0xc0,
    0x0, 0x38, 0x90, 0x0, 0x2, 0xd, 0x22, 0x5,
    0x0, 0x0, 0xf8, 0x1f, 0x48, 0x3c, 0x0, 0x0,
    0xfc, 0x0, 0x1, 0xe0, 0xb7, 0xfd, 0xcf, 0x2d,
    0xdf, 0xcc, 0xf5, 0x80, 0x0, 0xf, 0xd, 0x46,
    0x80, 0x0, 0x5, 0x40, 0x0, 0x38, 0x93, 0x42,
    0x0, 0x8c, 0x0, 0x0, 0xc, 0x61, 0x4f, 0x54,
    0x2, 0x0, 0x1, 0xce, 0x40, 0xa0, 0x8, 0xab,
    0x8b, 0x9d, 0xf8, 0x48, 0x0, 0x1, 0xf2, 0xab,
    0x40, 0x0, 0x7, 0x7, 0xa2, 0x0, 0x4d, 0x51,
    0xd1, 0xf1, 0x38, 0x0, 0x7, 0xf4, 0x30, 0x8,
    0x0, 0x7, 0x1e, 0x0, 0x0, 0x7f, 0xf1, 0x44,
    0x8, 0x80, 0x0, 0x3b, 0xa0, 0x0, 0x3, 0xff,
    0x8c, 0xd0, 0x0, 0x1, 0xc6, 0x1, 0x83, 0x63,
    0x7c, 0x24, 0x0, 0x1, 0xff, 0x33, 0x80, 0x0,
    0x71, 0xab, 0x77, 0x27, 0x27, 0x66, 0x0, 0x0,
    0x7f, 0x82, 0xa, 0x0, 0x0, 0x3b, 0x99, 0x70,
    0x0, 0x3, 0x88, 0x50, 0x40, 0x0, 0x3f, 0x9d,
    0xc1, 0x0, 0x0, 0x39, 0x38, 0xd8, 0x40, 0x0,
    0x3, 0xaa, 0x48, 0xc0, 0x0, 0x3e, 0x3b, 0x85,
    0x0, 0x0, 0xe1, 0x73, 0x90, 0x87, 0xa0, 0x0,
    0xe, 0x17, 0xcf, 0x77, 0xd, 0x0, 0x0, 0x85,
    0xe3, 0x71, 0xc1, 0x40, 0x0, 0x3a, 0x74, 0x4,
    0x2, 0x8, 0x48, 0x0, 0x3, 0x84, 0xe2, 0x3c,
    0x38, 0x31, 0xba, 0x7a, 0x1c, 0x80, 0xc0, 0x0,
    0x38, 0x89, 0xc8, 0x0, 0x0, 0x2f, 0x7a, 0x6,
    0x0, 0x1, 0xe0, 0x21, 0xf3, 0x91, 0x60, 0x0,
    0xf, 0x84, 0x3c, 0x41, 0xc0, 0x0, 0x25, 0xa,
    0xa0, 0x60, 0x0, 0xf, 0xfe, 0x18, 0xb6, 0xa1,
    0x60, 0x0, 0x7, 0x2b, 0x69, 0x1b, 0x0, 0x0,
    0x7f, 0xf0, 0x53, 0x3f, 0x8e, 0xc0, 0x0, 0x3e,
    0x2b, 0xc8, 0xb9, 0x4f, 0xa, 0x0, 0x0, 0xf8,
    0x4d, 0x6f, 0x36, 0xcc, 0x5c, 0x0, 0x3, 0xf8,
    0x5, 0x1a, 0xc3, 0xc7, 0x2a, 0x8e, 0x46, 0x12,
    0x56, 0xa7, 0x47, 0xb6, 0x90, 0xc8, 0x0, 0x3,
    0xc0,

    /* U+0036 "6" */
    0x0, 0x0, 0xff, 0x3, 0x9d, 0x2a, 0xb7, 0x3c,
    0x32, 0x24, 0x8, 0x80, 0x0, 0x7f, 0xf1, 0x51,
    0x29, 0x3d, 0xb1, 0x6a, 0xa4, 0x61, 0xe6, 0xed,
    0xfb, 0xf3, 0x19, 0x42, 0x80, 0x0, 0x3f, 0xf8,
    0x3, 0x95, 0x97, 0x6b, 0x61, 0xc0, 0x0, 0x1e,
    0x1, 0x33, 0x9a, 0xe8, 0x4f, 0x0, 0x0, 0xff,
    0x19, 0x79, 0x29, 0x80, 0x0, 0x7f, 0xf0, 0x7,
    0x6c, 0x20, 0xc0, 0x0, 0x3f, 0x19, 0x6e, 0x8,
    0x80, 0x0, 0x7f, 0xf0, 0xdf, 0x20, 0xc0, 0x0,
    0x3c, 0x19, 0xa0, 0x22, 0x0, 0x1, 0xe0, 0xd3,
    0x3, 0x40, 0xf0, 0x0, 0xf, 0x9f, 0x51, 0x80,
    0x0, 0x3a, 0x78, 0x74, 0x0, 0x3, 0x86, 0x69,
    0x3d, 0x33, 0xf2, 0xfc, 0x2c, 0xcb, 0x80, 0x0,
    0x38, 0x6, 0x50, 0x4, 0x0, 0x2, 0x2a, 0x6f,
    0x0, 0x0, 0xe2, 0xaf, 0xe5, 0xb0, 0x60, 0x0,
    0x9, 0x33, 0x70, 0xf4, 0x0, 0x3, 0x8b, 0x51,
    0x80, 0x0, 0x2a, 0x50, 0x20, 0x0, 0xc, 0x17,
    0xfa, 0x30, 0x0, 0x1, 0xe0, 0xde, 0x10, 0x40,
    0x0, 0xe, 0xd6, 0x0, 0x0, 0x3, 0xb1, 0x80,
    0x0, 0x73, 0xf1, 0x40, 0x0, 0x7, 0xe2, 0x3c,
    0xdb, 0xcb, 0xce, 0xa3, 0x0, 0x0, 0x27, 0x9,
    0x80, 0x0, 0x60, 0x19, 0x0, 0x0, 0xf, 0xf1,
    0xb2, 0x1a, 0x1f, 0x19, 0x0, 0x0, 0x32, 0x40,
    0x0, 0x38, 0xd0, 0x68, 0x0, 0x3, 0xff, 0x8e,
    0x6a, 0x0, 0x1, 0xc8, 0x60, 0x0, 0x10, 0x93,
    0xbd, 0xae, 0xb7, 0xb7, 0x66, 0xa4, 0xf2, 0x98,
    0x30, 0x0, 0x7, 0xca, 0x40, 0x0, 0x1d, 0xd6,
    0x0, 0xb, 0x1b, 0xcf, 0x10, 0x94, 0x52, 0x12,
    0x26, 0x56, 0xc3, 0x59, 0xb2, 0xb8, 0x0, 0x1,
    0xe1, 0xc0, 0x0, 0xe, 0x22, 0xf, 0xbe, 0x72,
    0xa, 0x0, 0x0, 0xfc, 0x41, 0x47, 0x3c, 0xe,
    0x0, 0x1, 0x6, 0x2, 0x0, 0x0, 0x73, 0x9d,
    0xda, 0x20, 0x0, 0x7, 0xff, 0x1, 0x86, 0xbc,
    0x0, 0x2, 0x10, 0x0, 0x0, 0xf2, 0x6a, 0x58,
    0x0, 0x7, 0xff, 0x9, 0x5d, 0xc4, 0x0, 0x0,
    0x7e, 0x0, 0x1, 0xe8, 0x70, 0x0, 0x0, 0x2b,
    0xa5, 0xef, 0x67, 0x5d, 0xe3, 0x78, 0x18, 0x0,
    0x7, 0xa0, 0x44, 0x80, 0xd, 0x40, 0x0, 0x3c,
    0xc, 0x0, 0x47, 0xad, 0x16, 0x84, 0x26, 0x28,
    0x87, 0x21, 0x9e, 0x38, 0x0, 0x1, 0xc1, 0xed,
    0x60, 0x3, 0xc0, 0x0, 0x1f, 0x2, 0x75, 0x16,
    0x0, 0x0, 0x78, 0xce, 0x98, 0x0, 0x3, 0xd7,
    0xe0, 0x1, 0x1, 0xc0, 0x0, 0x1e, 0x65, 0x36,
    0x0, 0x0, 0xfc, 0x8a, 0x9e, 0x0, 0x1, 0xc7,
    0x60, 0xc0, 0x6, 0xa0, 0x0, 0x1e, 0xfd, 0x0,
    0x0, 0xff, 0x63, 0x0, 0x0, 0x70, 0x10, 0xd8,
    0x2, 0x88, 0x0, 0x7, 0x97, 0xc0, 0x0, 0x3f,
    0xc7, 0x60, 0x0, 0x1e, 0x30, 0x0, 0xc1, 0x0,
    0x0, 0xf2, 0xe8, 0x0, 0x7, 0xf8, 0x88, 0x0,
    0x3, 0xc7, 0x60, 0xb, 0xc1, 0x40, 0x0, 0x1d,
    0xf2, 0x0, 0x1, 0xfe, 0xc9, 0x0, 0x0, 0xe0,
    0x61, 0x40, 0x0, 0xa5, 0x10, 0x0, 0xe, 0x6f,
    0x29, 0x0, 0x0, 0xfc, 0x68, 0xba, 0x0, 0x1,
    0xc8, 0x0, 0x40, 0x0, 0x8, 0x20, 0x40, 0x0,
    0xc, 0x11, 0xc8, 0x2a, 0x0, 0x1, 0xe1, 0xae,
    0x30, 0x40, 0x0, 0xe, 0xd1, 0x0, 0x0, 0x89,
    0x9b, 0x40, 0x0, 0x38, 0xcb, 0xf9, 0x74, 0x40,
    0x0, 0x0, 0x26, 0xcf, 0xd4, 0x50, 0x0, 0x1,
    0xc3, 0x6c, 0x40, 0x0, 0x1a, 0x70, 0xb0, 0x0,
    0x3, 0x85, 0x28, 0xbb, 0xf7, 0xb8, 0x7b, 0x26,
    0x3, 0xc0, 0x0, 0x3d, 0x7c, 0x14, 0x0, 0x1,
    0x82, 0xbd, 0x83, 0x80, 0x0, 0x3e, 0x21, 0x1e,
    0x0, 0x0, 0xfc, 0xe2, 0xb4, 0x0, 0x1, 0xe2,
    0x5c, 0xb1, 0xb0, 0x0, 0xf, 0xfe, 0x1b, 0x64,
    0x78, 0x0, 0x7, 0xe3, 0xaf, 0x74, 0xb0, 0x0,
    0xf, 0xfe, 0x0, 0xc5, 0x64, 0x98, 0x8, 0x0,
    0x7, 0xf0, 0x9d, 0xa6, 0x1a, 0xf8, 0x50, 0x0,
    0x7, 0x80, 0xcd, 0x65, 0xf8, 0x14, 0xc0, 0x0,
    0x3f, 0xf8, 0x27, 0x94, 0x1f, 0x39, 0x75, 0xb1,
    0xf1, 0x33, 0xd6, 0xfd, 0x99, 0x4d, 0x0, 0xe0,
    0x0, 0x1e,

    /* U+0037 "7" */
    0x97, 0xff, 0xff, 0xff, 0xe5, 0x9, 0x80, 0x0,
    0x7f, 0xff, 0xc0, 0x0, 0x3f, 0xf9, 0x37, 0xf7,
    0x97, 0x9f, 0xfc, 0x34, 0xb0, 0x0, 0xe, 0x10,
    0x1b, 0x28, 0x43, 0x43, 0xff, 0xe1, 0x2b, 0x23,
    0x80, 0x0, 0x74, 0x88, 0x40, 0x0, 0x7, 0xff,
    0xe, 0x60, 0x30, 0x0, 0x3, 0x7, 0xb8, 0x80,
    0x0, 0x7f, 0xf0, 0xc6, 0x5e, 0xc0, 0x0, 0x39,
    0xc4, 0x3c, 0x0, 0x3, 0xff, 0x87, 0x14, 0x12,
    0x0, 0x1, 0x83, 0xa4, 0x0, 0x0, 0x3f, 0xf8,
    0x63, 0xad, 0x60, 0x0, 0x1c, 0xe4, 0x22, 0x0,
    0x1, 0xff, 0xc3, 0x87, 0x7, 0x0, 0x0, 0xc1,
    0xb2, 0x20, 0x0, 0x1f, 0xfc, 0x32, 0x26, 0x0,
    0x0, 0xe, 0x77, 0x12, 0x0, 0x0, 0xff, 0xe1,
    0xc1, 0x2, 0x80, 0x0, 0x60, 0xc9, 0x60, 0x0,
    0xf, 0xfe, 0x19, 0x3a, 0xe0, 0x0, 0x7, 0x3a,
    0x9, 0x80, 0x0, 0x7f, 0xf0, 0xe0, 0x0, 0xc0,
    0x0, 0x30, 0x5c, 0x98, 0x0, 0x7, 0xff, 0xc,
    0xb1, 0x68, 0x0, 0x3, 0x9f, 0x85, 0x0, 0x0,
    0x3f, 0xf8, 0x70, 0x20, 0x40, 0x0, 0x18, 0x2a,
    0x70, 0x0, 0x3, 0xff, 0x86, 0x62, 0xa6, 0x0,
    0x1, 0xcf, 0x22, 0xc0, 0x0, 0x1f, 0xfc, 0x38,
    0x20, 0x10, 0x0, 0xc, 0x13, 0x36, 0x0, 0x1,
    0xff, 0xc3, 0x37, 0x4c, 0x0, 0x0, 0xe7, 0x81,
    0x70, 0x0, 0xf, 0xfe, 0x1c, 0x68, 0x0, 0x7,
    0x4, 0x4b, 0x0, 0x0, 0x7f, 0xf0, 0xcf, 0x51,
    0x40, 0x0, 0x39, 0x9c, 0x60, 0x0, 0x3, 0xff,
    0x87, 0xfa, 0x0, 0x1, 0xc0, 0xf1, 0x40, 0x0,
    0x1f, 0xfc, 0x34, 0x43, 0xf0, 0x0, 0xe, 0x6b,
    0x1a, 0x0, 0x0, 0xff, 0xe1, 0xc1, 0x0, 0x0,
    0x70, 0x3c, 0x40, 0x0, 0x7, 0xff, 0xd, 0x28,
    0xe4, 0x0, 0x3, 0x9b, 0x46, 0xc0, 0x0, 0x3f,
    0xf8, 0x70, 0xc0, 0x0, 0x1c, 0xd, 0x10, 0x0,
    0x1, 0xff, 0xc3, 0x51, 0x33, 0x0, 0x0, 0xe6,
    0xe1, 0xd0, 0x0, 0xf, 0xfe, 0x10, 0xc, 0x18,
    0x0, 0x7, 0x2, 0xc4, 0x80, 0x0, 0x7f, 0xf0,
    0xd5, 0x8b, 0x40, 0x0, 0x39, 0x8c, 0x78, 0x0,
    0x3, 0xff, 0x84, 0x5, 0x0, 0x0, 0x1, 0xc0,
    0xb7, 0x20, 0x0, 0x1f, 0xfc, 0x10,

    /* U+0038 "8" */
    0x0, 0x0, 0xfe, 0x3, 0x2e, 0x59, 0x6b, 0x7a,
    0x71, 0x60, 0x41, 0xe, 0x0, 0x0, 0xff, 0xe1,
    0x81, 0x26, 0xd6, 0xfb, 0x68, 0xd3, 0x4a, 0x42,
    0xc7, 0x4f, 0xdf, 0x78, 0x67, 0x38, 0x9, 0x80,
    0x0, 0x7f, 0xc7, 0x39, 0x96, 0x4a, 0x41, 0x40,
    0x0, 0x1f, 0x0, 0x98, 0xc7, 0xfe, 0x37, 0x1,
    0x0, 0x0, 0x7e, 0x62, 0xc2, 0x31, 0x0, 0x0,
    0xff, 0xe0, 0x88, 0x48, 0xd6, 0x4, 0x0, 0x0,
    0x79, 0x4e, 0x74, 0x10, 0x0, 0x3, 0xff, 0x88,
    0xa3, 0x40, 0x0, 0x1, 0xc2, 0x77, 0xa0, 0x0,
    0x1f, 0x23, 0x43, 0x55, 0xca, 0xb3, 0x4, 0x80,
    0x0, 0x79, 0x5d, 0x54, 0x0, 0x3, 0x30, 0x8,
    0x80, 0x0, 0x70, 0x6d, 0xc5, 0xcb, 0xca, 0xa3,
    0x54, 0xcf, 0x59, 0xe8, 0x0, 0x7, 0xa4, 0x0,
    0x0, 0x36, 0x70, 0x0, 0x7, 0xaa, 0x91, 0xc0,
    0x0, 0x38, 0x77, 0x50, 0x60, 0x0, 0x3, 0x8e,
    0x84, 0x0, 0x0, 0x26, 0x10, 0x0, 0xe, 0x16,
    0x58, 0x0, 0x0, 0xf8, 0x59, 0xa0, 0x0, 0x3,
    0xc7, 0xe0, 0x0, 0x10, 0xa8, 0x0, 0x7, 0x29,
    0x80, 0x0, 0x7f, 0x68, 0x0, 0x0, 0x78, 0xc8,
    0x0, 0x2, 0x52, 0x0, 0x0, 0xe6, 0x30, 0x0,
    0xf, 0xe2, 0x0, 0x0, 0xe, 0x10, 0x1d, 0x0,
    0x0, 0xb2, 0x0, 0x0, 0x38, 0x9c, 0xa8, 0x0,
    0x3, 0xe0, 0x3b, 0x30, 0x0, 0xe, 0x49, 0x0,
    0x0, 0xca, 0x68, 0x20, 0x0, 0x18, 0x7, 0xf8,
    0x44, 0x0, 0x3, 0x80, 0x63, 0xcc, 0xc0, 0x0,
    0x30, 0x5d, 0xd8, 0x0, 0x7, 0x4d, 0x8e, 0x80,
    0x0, 0x62, 0xbf, 0xa6, 0xf2, 0xf0, 0xb2, 0x15,
    0xc, 0x97, 0x30, 0x0, 0xc, 0x9, 0x54, 0x3a,
    0x0, 0x1, 0xc4, 0xbf, 0x47, 0x0, 0x0, 0x18,
    0x52, 0x43, 0x43, 0xd3, 0x7a, 0xbc, 0xdc, 0x0,
    0x3, 0x9, 0x5c, 0xaf, 0x0, 0x0, 0x7c, 0x31,
    0x89, 0x66, 0x9e, 0x8, 0x0, 0x1, 0xfe, 0x2e,
    0x93, 0xfd, 0x42, 0x0, 0x0, 0xfe, 0x4, 0x0,
    0x2f, 0xf, 0x0, 0x0, 0xff, 0x37, 0x85, 0x83,
    0x80, 0x0, 0x7f, 0x2a, 0x74, 0xd9, 0xb0, 0x5,
    0x80, 0x0, 0x7f, 0x90, 0x66, 0x3a, 0xa5, 0x41,
    0xc0, 0x0, 0x38, 0x16, 0x46, 0xac, 0x44, 0x0,
    0x3, 0xc0, 0xa4, 0x81, 0xe0, 0x0, 0x1e, 0x2,
    0x6a, 0xca, 0x22, 0x0, 0x0, 0xcf, 0x6d, 0xc0,
    0x0, 0x1c, 0x6, 0xc9, 0xab, 0xfd, 0xb7, 0xe1,
    0xcf, 0x28, 0x2a, 0x0, 0x1, 0xc6, 0x5e, 0x0,
    0x80, 0x0, 0x2, 0x78, 0x60, 0x0, 0xe, 0x7,
    0xc6, 0x9b, 0x2a, 0x4, 0x0, 0x0, 0xc, 0x35,
    0xf3, 0x99, 0x80, 0x0, 0x71, 0x6b, 0xe0, 0x0,
    0x2, 0x2c, 0x1c, 0x0, 0x3, 0xa4, 0x4e, 0x80,
    0x0, 0x3e, 0xd, 0xec, 0xe, 0x0, 0x0, 0xe8,
    0xe0, 0xe0, 0x45, 0xf0, 0x0, 0xe, 0x4, 0x63,
    0x0, 0x0, 0xfe, 0x20, 0x5f, 0x0, 0x0, 0xe0,
    0x95, 0xe1, 0xf0, 0xc0, 0x0, 0xe, 0x2a, 0xa,
    0x0, 0x0, 0xff, 0x6b, 0x80, 0x0, 0x78, 0x94,
    0xe4, 0x0, 0x3, 0xc7, 0x0, 0x0, 0x1f, 0xf7,
    0x58, 0x0, 0x7, 0x82, 0xc9, 0x40, 0x40, 0x0,
    0x38, 0x58, 0xa0, 0x0, 0x3, 0xfc, 0xba, 0x0,
    0x1, 0xe1, 0xe0, 0x72, 0xf0, 0x0, 0xf, 0x76,
    0x82, 0x80, 0x0, 0x7e, 0x73, 0x30, 0x0, 0x0,
    0xf2, 0x68, 0x5, 0x8, 0x0, 0x7, 0x8e, 0xac,
    0x48, 0xc0, 0x0, 0x38, 0x25, 0xea, 0x20, 0x0,
    0x3, 0xc6, 0xa5, 0xa0, 0xf, 0x44, 0xc0, 0x0,
    0x1e, 0x4b, 0xd9, 0xac, 0x81, 0x5e, 0x73, 0x9b,
    0xed, 0x85, 0x4, 0x0, 0x0, 0xe0, 0x28, 0xb0,
    0x0, 0x0, 0x57, 0x68, 0x60, 0x0, 0x7, 0x81,
    0x54, 0xdf, 0xa8, 0x63, 0x19, 0x6, 0xc0, 0x0,
    0x3e, 0x82, 0x41, 0x0, 0x0, 0x8d, 0x30, 0x46,
    0x0, 0x0, 0x3f, 0xf8, 0xa0, 0x31, 0x6f, 0xe0,
    0x0, 0x1c, 0x65, 0xea, 0xd4, 0x6, 0x0, 0x1,
    0xff, 0xc2, 0x38, 0xcb, 0x74, 0x0, 0x0, 0xf8,
    0x4a, 0x57, 0x8a, 0xc, 0xb0, 0x8, 0x0, 0x3,
    0xf0, 0xbb, 0x26, 0x16, 0x31, 0xa8, 0x0, 0x7,
    0xf8, 0x79, 0xf3, 0x4f, 0xc3, 0x6, 0x8a, 0x4a,
    0x12, 0x36, 0x76, 0xcf, 0x8f, 0xa2, 0x6c, 0xf4,
    0x4, 0x0, 0x3, 0x80,

    /* U+0039 "9" */
    0x0, 0x0, 0xfe, 0x10, 0x47, 0x60, 0x75, 0x6e,
    0x51, 0x33, 0xc, 0x0, 0x0, 0xff, 0xe2, 0x4,
    0x34, 0xe5, 0x76, 0xdc, 0x4f, 0xc5, 0x48, 0xd7,
    0x66, 0x7c, 0xd0, 0xa0, 0x0, 0x80, 0x0, 0x7f,
    0xf0, 0x16, 0x38, 0x25, 0x8d, 0x40, 0x80, 0x0,
    0x3c, 0x14, 0xbd, 0x7f, 0x74, 0x2e, 0x0, 0x1,
    0xfc, 0x7, 0x33, 0x4e, 0x2e, 0x0, 0x1, 0xff,
    0xc0, 0x44, 0xff, 0x42, 0x0, 0x0, 0xfd, 0x36,
    0xcc, 0x0, 0x1, 0xff, 0xc3, 0x17, 0xb7, 0x2d,
    0x0, 0x0, 0xf3, 0x3b, 0x38, 0x0, 0x3, 0xf0,
    0xe1, 0x8, 0x0, 0x7, 0xc1, 0x5e, 0xe1, 0xe0,
    0x0, 0x18, 0x42, 0x2c, 0x0, 0x3, 0xc2, 0x13,
    0x3d, 0x7c, 0x7b, 0xdd, 0xd4, 0x2, 0x60, 0x0,
    0x1c, 0x4b, 0x5c, 0x0, 0x1, 0x9a, 0x4, 0xc0,
    0x0, 0x38, 0xb3, 0xd9, 0x98, 0x50, 0x0, 0x0,
    0x22, 0xbf, 0xf4, 0x62, 0x0, 0x1, 0xcb, 0x85,
    0xa0, 0x0, 0x15, 0x90, 0x0, 0x7, 0x3, 0x7e,
    0x8c, 0x80, 0x0, 0x78, 0x5b, 0x94, 0x1c, 0x0,
    0x3, 0x1, 0x40, 0x80, 0x0, 0x3, 0x4d, 0x0,
    0x0, 0x39, 0x90, 0xb8, 0x0, 0x3, 0xf1, 0x5b,
    0x18, 0x0, 0x7, 0x2a, 0x7, 0x0, 0x12, 0x80,
    0x80, 0x0, 0x77, 0xd8, 0x0, 0x7, 0xfb, 0xf8,
    0x0, 0x3, 0x81, 0xd4, 0xc0, 0x5, 0x40, 0x0,
    0x3c, 0x44, 0x0, 0x1, 0xfe, 0x24, 0x0, 0x0,
    0xf6, 0x8, 0x0, 0x98, 0x0, 0x7, 0x8a, 0x40,
    0x0, 0x3f, 0xc5, 0x60, 0x0, 0x1e, 0x57, 0x0,
    0x3b, 0x0, 0x0, 0xf6, 0x50, 0x0, 0x7, 0xfb,
    0x38, 0x0, 0x3, 0xc7, 0x80, 0x22, 0xa4, 0xe0,
    0x0, 0x1c, 0xb4, 0x7a, 0x0, 0x1, 0xf8, 0xed,
    0x64, 0x0, 0x3, 0xc1, 0x1, 0xe0, 0xa, 0x20,
    0x0, 0x1c, 0x5, 0xc4, 0x5c, 0x0, 0x1, 0xe2,
    0xde, 0x50, 0x20, 0x0, 0xf, 0x84, 0xc0, 0x24,
    0x82, 0x40, 0x0, 0x38, 0x83, 0x52, 0x28, 0xf8,
    0x40, 0x40, 0x7d, 0x15, 0xae, 0x42, 0x0, 0xe,
    0x0, 0x1, 0xe3, 0x60, 0x1, 0xb8, 0x90, 0x0,
    0xf, 0x2, 0xba, 0xe0, 0xf7, 0xf7, 0xb0, 0x5d,
    0x41, 0x40, 0x0, 0xf, 0x20, 0x0, 0x1e, 0x9,
    0x0, 0x0, 0x3e, 0xa6, 0x80, 0x0, 0x7f, 0xf0,
    0x90, 0xae, 0x40, 0x0, 0x3c, 0x60, 0x0, 0x0,
    0x2, 0xbb, 0x59, 0x0, 0x0, 0xff, 0xe0, 0x1d,
    0x57, 0x3d, 0x80, 0x0, 0x78, 0x44, 0x0, 0x2,
    0x9, 0xa6, 0x9d, 0x1d, 0x0, 0x0, 0xfc, 0xe,
    0xcf, 0x9a, 0x26, 0x4e, 0x0, 0x1, 0xc2, 0x20,
    0x60, 0x0, 0x1c, 0xc5, 0xcb, 0x52, 0xbc, 0x52,
    0x22, 0x12, 0x4e, 0x91, 0x7, 0xdd, 0x30, 0x10,
    0x1, 0xdc, 0x0, 0x1, 0xca, 0x60, 0x0, 0x1f,
    0x3, 0xab, 0x50, 0xeb, 0x77, 0x7b, 0x6c, 0x5b,
    0xbe, 0xb, 0x0, 0x0, 0x48, 0x0, 0x0, 0x1c,
    0x6a, 0x0, 0x1, 0xff, 0xc7, 0x18, 0x37, 0x0,
    0x0, 0xed, 0xb0, 0x0, 0x1, 0xd2, 0x3a, 0x3f,
    0x1b, 0x80, 0x0, 0x7f, 0xa7, 0x80, 0x80, 0x0,
    0x30, 0x62, 0xc0, 0x0, 0x2, 0x62, 0xe2, 0xe3,
    0xb3, 0x87, 0x80, 0x0, 0x3f, 0x11, 0x3a, 0x0,
    0x0, 0x73, 0x78, 0x58, 0x0, 0x3, 0xe8, 0x0,
    0x3, 0x81, 0xa8, 0xc2, 0xc0, 0x0, 0x3c, 0x27,
    0xda, 0x1a, 0x0, 0x1, 0xd5, 0x40, 0x0, 0x12,
    0xe1, 0x8, 0x0, 0x7, 0x21, 0x62, 0xa5, 0x0,
    0x0, 0x40, 0x8a, 0x9e, 0x66, 0x0, 0x0, 0x1c,
    0xbe, 0x6c, 0x0, 0x1, 0x2, 0x46, 0x80, 0x0,
    0x78, 0xc6, 0xd7, 0xbf, 0x33, 0x2f, 0xae, 0xac,
    0x7c, 0x0, 0x3, 0x85, 0x2c, 0xc0, 0x0, 0x39,
    0x4d, 0xbc, 0x0, 0x3, 0xe1, 0x3, 0x33, 0x41,
    0x0, 0x0, 0xf, 0x5, 0xea, 0x89, 0x80, 0x0,
    0x7a, 0x45, 0xc8, 0x0, 0x3, 0xff, 0x86, 0x17,
    0x94, 0x7c, 0x0, 0x1, 0xf0, 0xc, 0x6d, 0x58,
    0xc8, 0x0, 0x7, 0xff, 0x1, 0x1f, 0x40, 0xf8,
    0x0, 0x3, 0xfc, 0xa9, 0xd5, 0x2c, 0x62, 0x2,
    0x0, 0x1, 0xe0, 0xb5, 0x4b, 0x2b, 0x82, 0x40,
    0x0, 0xf, 0xfe, 0x0, 0x63, 0x4e, 0x77, 0x6d,
    0xa4, 0xc4, 0x34, 0x7d, 0x46, 0x17, 0xed, 0x5a,
    0x68, 0x0, 0x7, 0xe0,

    /* U+003A ":" */
    0x0, 0x0, 0xc0, 0x80, 0x0, 0x18, 0x1e, 0x23,
    0xa3, 0xff, 0x20, 0xe0, 0x0, 0x1, 0x34, 0xee,
    0x2e, 0x8, 0x6f, 0x9e, 0x4e, 0x2e, 0xc4, 0x0,
    0x1, 0x82, 0x2f, 0x8b, 0x0, 0x0, 0x3c, 0x4e,
    0x5e, 0x2, 0x0, 0x1, 0xc5, 0x62, 0x8d, 0xe0,
    0x0, 0x18, 0x32, 0xd4, 0x2, 0x4a, 0x18, 0x98,
    0x3d, 0x1b, 0x7c, 0x80, 0x0, 0xd, 0xe7, 0x67,
    0xc2, 0xe4, 0xb0, 0x0, 0x3, 0xff, 0xde, 0x32,
    0xd1, 0x0, 0x90, 0x0, 0x1, 0x20, 0x7b, 0x4b,
    0xbf, 0xdb, 0xd7, 0x81, 0x2, 0xd1, 0x88, 0x0,
    0x0, 0x4a, 0xd, 0x26, 0xa3, 0x80, 0x0, 0x1d,
    0xb0, 0x3a, 0x0, 0x1, 0xe1, 0xc2, 0xe2, 0x30,
    0x0, 0xe, 0xcc, 0x3, 0xeb, 0x18, 0x0, 0x0,
    0x98, 0x18, 0x80, 0xd, 0xfd, 0xa9, 0xa3, 0xf1,
    0xa7, 0xc0, 0x40,

    /* U+003B ";" */
    0x0, 0x0, 0xe0, 0x40, 0x0, 0xe, 0x7, 0x88,
    0xe8, 0xff, 0xc8, 0x38, 0x0, 0x0, 0xa6, 0x9d,
    0xc5, 0xc1, 0xd, 0xf3, 0xc9, 0xc0, 0x5, 0xd8,
    0x80, 0x0, 0x30, 0x45, 0xf0, 0x1, 0x60, 0x0,
    0x7, 0x89, 0xc0, 0xb, 0xc0, 0x40, 0x0, 0x38,
    0xac, 0x0, 0x51, 0xbc, 0x0, 0x3, 0x6, 0x5a,
    0x80, 0x0, 0x24, 0xa1, 0x89, 0x83, 0xd1, 0xb7,
    0xc8, 0x0, 0x0, 0x0, 0x6f, 0x3b, 0x3e, 0x17,
    0x25, 0x80, 0x0, 0x1f, 0xff, 0xf2, 0xe5, 0xb5,
    0xbe, 0x35, 0x0, 0x0, 0x5b, 0xd2, 0x52, 0x72,
    0xf0, 0x0, 0x0, 0x88, 0x0, 0x3, 0x91, 0x40,
    0x0, 0xc, 0xc0, 0x0, 0x18, 0x40, 0xb0, 0x0,
    0x10, 0x98, 0x0, 0x3, 0x2d, 0x81, 0x0, 0x12,
    0x82, 0x0, 0x0, 0x6c, 0x30, 0x0, 0x3, 0x10,
    0x0, 0x7, 0x26, 0x80, 0x0, 0x9, 0x80, 0x0,
    0x30, 0x41, 0xe0, 0x0, 0x3, 0x88, 0x0, 0x3,
    0x1b, 0x3, 0x0, 0x0, 0xb, 0x80, 0x0, 0x32,
    0x28, 0x0, 0x4, 0xc4, 0x0, 0x1, 0xb0, 0xc0,
    0x0, 0x22, 0x60, 0x0, 0x8, 0xd, 0x24, 0x0,
    0x0, 0x1e, 0x24, 0x0, 0x1, 0x18, 0x87, 0x0,
    0x0, 0x0,

    /* U+003C "<" */
    0x0, 0x0, 0xff, 0xe4, 0x5, 0x1, 0x0, 0x0,
    0x7f, 0xf1, 0x81, 0x5a, 0x7b, 0x42, 0x40, 0x0,
    0x3f, 0xf8, 0x80, 0x2b, 0x5b, 0x32, 0xc3, 0x0,
    0x0, 0x1f, 0xfc, 0x44, 0xad, 0xa, 0x52, 0x30,
    0x0, 0xf, 0xfe, 0x21, 0xe6, 0x1d, 0xa9, 0x70,
    0x0, 0x7, 0xff, 0x10, 0xba, 0xcf, 0xc, 0xf0,
    0x0, 0x3, 0xff, 0x88, 0x47, 0x49, 0xa0, 0x98,
    0x0, 0x1, 0xff, 0xc4, 0x18, 0x95, 0xd9, 0x5b,
    0x1, 0x0, 0x0, 0xf8, 0x82, 0x60, 0x28, 0x0,
    0x3, 0x84, 0x21, 0xbb, 0x5a, 0x81, 0x40, 0x0,
    0x3e, 0x26, 0x9f, 0xdb, 0x67, 0x1, 0x0, 0x0,
    0x82, 0x5d, 0xbf, 0x9e, 0x42, 0x80, 0x0, 0x3e,
    0x2c, 0xa7, 0xdb, 0x60, 0x4, 0x0, 0x0, 0x81,
    0x19, 0xfb, 0xe2, 0x44, 0x40, 0x0, 0x3e, 0x33,
    0xaf, 0xd2, 0x58, 0x2, 0x0, 0x0, 0xca, 0xbb,
    0xf3, 0x3, 0x20, 0x0, 0x1f, 0x1d, 0xdb, 0xe6,
    0x28, 0x0, 0x80, 0x0, 0x7a, 0xd8, 0x90, 0x0,
    0x3, 0xe4, 0x2b, 0xec, 0x44, 0x80, 0x0, 0xf,
    0xfe, 0x22, 0x56, 0x35, 0xea, 0x8, 0x0, 0x7,
    0xff, 0x14, 0x9e, 0x34, 0xe4, 0x0, 0x3, 0xff,
    0x8e, 0x4f, 0x8f, 0x80, 0x90, 0x0, 0x1, 0xff,
    0xc0, 0x3b, 0x0, 0x0, 0xf8, 0xfe, 0xdf, 0x41,
    0x60, 0xc, 0x0, 0x3, 0xfb, 0x5a, 0x4, 0x3c,
    0x0, 0x3, 0xe2, 0xfa, 0x7d, 0xe6, 0x80, 0x80,
    0x0, 0xf, 0x83, 0x9f, 0xb8, 0x5e, 0xc3, 0x0,
    0x0, 0x3e, 0x22, 0x97, 0xe0, 0x78, 0xf, 0x0,
    0x0, 0xf8, 0x46, 0x13, 0x9d, 0xd4, 0x28, 0x0,
    0x3, 0xe1, 0x78, 0x7f, 0xe8, 0x81, 0x80, 0x0,
    0xf, 0x85, 0x22, 0xbb, 0x5b, 0x81, 0xc0, 0x0,
    0x3e, 0xe, 0x77, 0xe0, 0x98, 0x24, 0x0, 0x0,
    0xf8, 0x62, 0x47, 0x91, 0xa0, 0x14, 0x0, 0x3,
    0xe0, 0x76, 0x7d, 0x80, 0xa0, 0x0, 0xf, 0xc3,
    0x92, 0xfb, 0x4c, 0x40, 0x80, 0x0, 0x1f, 0x1,
    0x80, 0x80, 0x0, 0x7f, 0x88, 0x27, 0x77, 0xd7,
    0x0, 0x80, 0x0, 0x3f, 0xf8, 0xe4, 0x94, 0x7a,
    0x8a, 0xc0, 0x20, 0x0, 0x1f, 0xfc, 0x72, 0x9a,
    0x9d, 0x5, 0x0, 0x0, 0xf, 0xfe, 0x41, 0x75,
    0x7e, 0x62, 0x50, 0x0, 0x7, 0xff, 0x20, 0xce,
    0xd7, 0x1c, 0x38,

    /* U+003D "=" */
    0x79, 0x7f, 0x7f, 0xff, 0xe5, 0x4, 0xc5, 0x40,
    0x40, 0x7f, 0xf2, 0x86, 0x80, 0x0, 0x3f, 0xff,
    0xe0, 0x0, 0x1f, 0xfc, 0x9f, 0x3f, 0xff, 0xff,
    0xfe, 0x50, 0x98, 0x0, 0x7, 0xff, 0xf1, 0xe5,
    0xfd, 0xff, 0xff, 0x94, 0x13, 0x15, 0x1, 0x1,
    0xff, 0xca, 0x1a, 0x0, 0x0, 0xff, 0xff, 0x80,
    0x0, 0x7f, 0xf2, 0x40,

    /* U+003E ">" */
    0xd, 0x0, 0x0, 0xff, 0xe4, 0xed, 0xbf, 0x86,
    0x80, 0x0, 0x7f, 0xf1, 0xcd, 0x60, 0x39, 0x9c,
    0x1, 0xc0, 0x0, 0x3f, 0xf8, 0xe2, 0x91, 0xfc,
    0xac, 0x40, 0x60, 0x0, 0x1f, 0xfc, 0x71, 0xd9,
    0xdd, 0x45, 0x30, 0x0, 0xf, 0xfe, 0x41, 0x45,
    0x66, 0x5a, 0x28, 0x0, 0x7, 0xff, 0x20, 0xd2,
    0xea, 0xf8, 0xdc, 0x0, 0x3, 0xfd, 0x5a, 0x64,
    0x0, 0x1, 0xf9, 0x7, 0x22, 0xbc, 0xac, 0x0,
    0x3, 0xf2, 0x76, 0x6d, 0xa9, 0xc0, 0x0, 0x7,
    0xe5, 0xd, 0x6a, 0x2, 0x0, 0x0, 0xf, 0xc9,
    0x58, 0xf7, 0x87, 0xe0, 0x0, 0x1f, 0x1, 0x2f,
    0xec, 0xc9, 0xb, 0x80, 0x0, 0x7e, 0x43, 0xc0,
    0xc2, 0x46, 0x0, 0x0, 0xf8, 0x19, 0xb7, 0x8e,
    0xc, 0x3c, 0x0, 0x3, 0xf1, 0xed, 0xce, 0x4a,
    0x60, 0x0, 0x7, 0xc1, 0x6f, 0x9c, 0x4e, 0xa0,
    0x40, 0x0, 0x1f, 0x8d, 0xac, 0xf3, 0xd4, 0xc0,
    0x40, 0x0, 0x3c, 0x25, 0x14, 0x12, 0x0, 0x1,
    0xfe, 0x30, 0xac, 0xd5, 0x5a, 0x3, 0x0, 0x0,
    0xff, 0xe3, 0x95, 0xc7, 0x1c, 0x80, 0x0, 0x7f,
    0xf1, 0x8e, 0xac, 0x75, 0x4e, 0x80, 0x0, 0x3f,
    0xf8, 0x89, 0x38, 0x38, 0xa9, 0xc0, 0x20, 0x0,
    0x1e, 0x9, 0x2, 0x0, 0x0, 0xf0, 0x1a, 0xce,
    0x8d, 0xb1, 0xf0, 0x0, 0x7, 0xc0, 0xed, 0xbd,
    0xe1, 0x20, 0x0, 0x18, 0x21, 0xa7, 0x76, 0x98,
    0xb8, 0x0, 0x3, 0xe0, 0x56, 0x7e, 0x49, 0x21,
    0x90, 0x0, 0x8, 0x41, 0xe7, 0x86, 0x58, 0x84,
    0x0, 0x3, 0xe0, 0x46, 0x1d, 0xa9, 0x81, 0xc0,
    0x0, 0x8, 0x66, 0x27, 0x8a, 0x18, 0x58, 0x0,
    0x3, 0xe0, 0x25, 0xbd, 0xe9, 0xe2, 0x0, 0x0,
    0xe, 0xf9, 0x76, 0xd, 0x0, 0x0, 0xf8, 0x5,
    0x5b, 0x52, 0x90, 0x94, 0x0, 0x3, 0xe0, 0x30,
    0x0, 0xf, 0xca, 0x1a, 0x75, 0x25, 0x20, 0x0,
    0x1f, 0xfc, 0x44, 0xac, 0xda, 0xf2, 0xd0, 0x0,
    0xf, 0xfe, 0x22, 0x2e, 0x3d, 0xa9, 0x90, 0x0,
    0x7, 0xff, 0x10, 0xff, 0xa, 0xe8, 0xe0, 0x0,
    0x3, 0xff, 0x88, 0x75, 0x79, 0x80, 0x7a, 0x0,
    0x1, 0xff, 0xc5, 0xd9, 0xc5, 0x43, 0x0, 0x0,
    0xff, 0xe3, 0x80,

    /* U+003F "?" */
    0x0, 0x0, 0xf8, 0x5d, 0x39, 0x95, 0xe1, 0xcd,
    0x80, 0xf8, 0x24, 0x0, 0x3, 0xfe, 0xb, 0x6d,
    0xd5, 0xe8, 0xb1, 0x9a, 0x87, 0x8c, 0x9f, 0xc1,
    0xf0, 0xb5, 0x48, 0x0, 0x0, 0xfc, 0x81, 0xdf,
    0x24, 0x54, 0x0, 0x1, 0xf0, 0x32, 0x55, 0xbd,
    0xa8, 0xd0, 0x0, 0x7, 0x2a, 0xde, 0x8d, 0x80,
    0x0, 0x7f, 0xf0, 0x12, 0xbe, 0x87, 0x40, 0x0,
    0x23, 0x1a, 0xd0, 0x20, 0x0, 0xf, 0xfe, 0x10,
    0xfe, 0x78, 0x20, 0x0, 0x3, 0xc0, 0x1c, 0x0,
    0x3, 0x83, 0x10, 0x18, 0x10, 0x2, 0xc0, 0x0,
    0x3c, 0x5a, 0xe8, 0x0, 0x64, 0x7c, 0x0, 0x1,
    0xc9, 0xbd, 0x77, 0xf3, 0xf7, 0xfd, 0xa9, 0xc0,
    0x0, 0x1e, 0xa4, 0x0, 0xb2, 0x0, 0x0, 0xe2,
    0x7b, 0xa1, 0x80, 0x0, 0x8, 0x66, 0xec, 0x9c,
    0x0, 0x3, 0x8a, 0xc7, 0xb, 0x40, 0x0, 0x3a,
    0xc4, 0x20, 0x0, 0x3, 0x82, 0x97, 0x0, 0x0,
    0x3c, 0x4a, 0x74, 0x78, 0x79, 0xc8, 0x40, 0x0,
    0x1f, 0x71, 0x0, 0x0, 0x78, 0x1a, 0x5f, 0xf,
    0xf, 0x8a, 0xc0, 0x0, 0x3e, 0xe1, 0x0, 0x0,
    0xf1, 0x0, 0x0, 0x7, 0xff, 0x4, 0x25, 0x84,
    0x0, 0x3, 0x83, 0x87, 0x0, 0x0, 0x3f, 0xf8,
    0x0, 0xf7, 0x83, 0x20, 0x0, 0x1c, 0xfe, 0x6,
    0x0, 0x1, 0xff, 0x14, 0x66, 0xa5, 0x0, 0x0,
    0x70, 0x6c, 0x88, 0x0, 0x7, 0xfc, 0xd3, 0xbe,
    0x6a, 0x0, 0x1, 0xc0, 0x77, 0x63, 0xe0, 0x0,
    0x1f, 0xc1, 0x35, 0xb2, 0xc1, 0x0, 0x0, 0x1c,
    0x1d, 0x52, 0x92, 0x0, 0x1, 0xfe, 0xa8, 0x52,
    0x0, 0x0, 0xf1, 0xc6, 0x82, 0xa8, 0x0, 0x7,
    0xf9, 0x41, 0x78, 0x0, 0x3, 0x82, 0x22, 0xb1,
    0x8, 0x40, 0x0, 0x3f, 0xef, 0xd0, 0x0, 0xe,
    0xb, 0xc8, 0x75, 0x3, 0x0, 0x0, 0xff, 0xe0,
    0x20, 0x0, 0x0, 0x74, 0xf1, 0xf8, 0x0, 0x7,
    0xff, 0x8, 0x68, 0x0, 0x3, 0x1, 0xb1, 0x0,
    0x0, 0x7f, 0xf0, 0xc2, 0x40, 0x0, 0x30, 0xc0,
    0x40, 0x0, 0x7, 0xff, 0xc, 0x58, 0x40, 0x43,
    0x15, 0x0, 0x0, 0x7f, 0xf1, 0x3a, 0x3b, 0xfb,
    0xf6, 0x70, 0x0, 0x7, 0xff, 0xc4, 0x3d, 0x15,
    0x24, 0x4c, 0x0, 0x3, 0xff, 0x8a, 0xa7, 0xc3,
    0x75, 0x6d, 0xc0, 0xc2, 0x0, 0x1, 0xff, 0xc3,
    0x23, 0xa5, 0x11, 0x0, 0x0, 0x6, 0x4e, 0x99,
    0x80, 0x0, 0x7f, 0xf0, 0x93, 0x42, 0x40, 0x0,
    0x30, 0x1d, 0xb8, 0x0, 0x7, 0xff, 0x8, 0x68,
    0x0, 0x3, 0xc1, 0xe0, 0x0, 0x1f, 0xfc, 0x25,
    0xa0, 0x30, 0x0, 0xe, 0xca, 0x0, 0x0, 0xff,
    0xe1, 0x17, 0x48, 0x2, 0x80, 0x0, 0x0, 0xe0,
    0x50, 0x40, 0x0, 0x3f, 0xf8, 0x6d, 0x9b, 0xd3,
    0x32, 0xda, 0xcf, 0xc0, 0x0, 0x1f, 0xc0,

    /* U+0040 "@" */
    0x0, 0x0, 0xff, 0xe0, 0x91, 0x34, 0x53, 0x5f,
    0xeb, 0x76, 0x7d, 0x73, 0xe9, 0x5f, 0x4b, 0xab,
    0xb, 0x0, 0x0, 0x7f, 0xf2, 0x84, 0x60, 0xb6,
    0xf7, 0x65, 0xd6, 0x50, 0xa, 0x44, 0xc1, 0x46,
    0xb, 0x50, 0x5a, 0x2a, 0x7a, 0x73, 0x57, 0x41,
    0x0, 0x0, 0x3f, 0xf8, 0xa2, 0x10, 0x5c, 0xf,
    0xa4, 0x80, 0x0, 0x1f, 0xfc, 0x13, 0x2a, 0x2e,
    0x56, 0x80, 0x10, 0x0, 0xf, 0xfe, 0x11, 0xa7,
    0x93, 0xe8, 0x70, 0x0, 0x6, 0x10, 0x43, 0x5b,
    0x73, 0x7c, 0x68, 0x54, 0x30, 0x2, 0x0, 0x0,
    0xc3, 0xd2, 0xf6, 0xa2, 0x80, 0x0, 0x1f, 0xfc,
    0x6, 0x1c, 0xc1, 0xd0, 0x0, 0x8, 0x31, 0xcb,
    0x7, 0xae, 0xf2, 0x92, 0x32, 0xe, 0x5e, 0xaf,
    0x3f, 0xbe, 0xb5, 0x20, 0x0, 0x3, 0x25, 0xf8,
    0x98, 0x0, 0x0, 0x7f, 0x9a, 0xe7, 0x81, 0xc0,
    0x0, 0x0, 0xad, 0xdc, 0xb1, 0xa7, 0xc0, 0x80,
    0x0, 0x1f, 0x9, 0x29, 0x5b, 0xe7, 0x20, 0x80,
    0x0, 0x43, 0x5a, 0xc4, 0x0, 0x0, 0x1f, 0x90,
    0xe4, 0x0, 0x0, 0x21, 0x3c, 0x59, 0x11, 0x60,
    0x0, 0xf, 0xfe, 0x9, 0x8d, 0xe3, 0xf8, 0x10,
    0x0, 0x0, 0x67, 0xdc, 0x44, 0x0, 0x3, 0xc4,
    0x15, 0xc0, 0x80, 0x0, 0x2, 0x1c, 0xf3, 0xf0,
    0x0, 0xf, 0xfe, 0x20, 0x14, 0x4, 0xf0, 0x0,
    0x4, 0x51, 0x8, 0x0, 0x1, 0xe8, 0x81, 0x20,
    0x0, 0x0, 0x57, 0x81, 0x18, 0x0, 0x7, 0xff,
    0x1d, 0x8d, 0xd8, 0x0, 0x2, 0x69, 0x2a, 0x0,
    0x0, 0xc5, 0xea, 0xc0, 0x0, 0x15, 0x71, 0x70,
    0x0, 0x6, 0x2, 0x5e, 0xb8, 0xe4, 0xf2, 0xd4,
    0x90, 0x23, 0x0, 0x13, 0x7f, 0x7f, 0xc4, 0xa0,
    0x0, 0x8, 0xa2, 0x70, 0x0, 0x0, 0x1c, 0xd8,
    0x0, 0x6, 0x9d, 0x1, 0x0, 0x0, 0x1d, 0xad,
    0x80, 0x0, 0x61, 0xcc, 0x9a, 0x14, 0x71, 0xb0,
    0xd2, 0xb6, 0xfd, 0x75, 0x13, 0x48, 0x8, 0xc,
    0xdc, 0x0, 0x0, 0x3, 0x8b, 0x0, 0x0, 0x92,
    0x84, 0x0, 0x0, 0x2, 0x69, 0xe0, 0x0, 0x14,
    0x8, 0x0, 0x6, 0x10, 0xc0, 0x34, 0x0, 0x0,
    0xf0, 0x5d, 0x33, 0x40, 0x0, 0x7, 0xe5, 0x32,
    0x0, 0x0, 0x0, 0x22, 0x50, 0x0, 0x1, 0x24,
    0x8, 0x0, 0x0, 0x5a, 0x8a, 0x0, 0x1, 0xa5,
    0xc8, 0xc0, 0x0, 0x3f, 0x4, 0x5d, 0x80, 0x0,
    0x7f, 0x25, 0x0, 0x0, 0x5e, 0x40, 0x0, 0xf,
    0xe0, 0x0, 0x9, 0x68, 0x0, 0x3, 0xc, 0x39,
    0x0, 0x0, 0x63, 0x2b, 0xdf, 0xc, 0xb5, 0xd0,
    0x0, 0xb0, 0x0, 0xf, 0xed, 0x80, 0x0, 0x9,
    0x9c, 0x0, 0x0, 0x8e, 0x0, 0x1, 0x65, 0x0,
    0x0, 0x69, 0x0, 0xa0, 0x0, 0x8, 0x9f, 0x5,
    0x8, 0x3c, 0xd2, 0x89, 0x90, 0x0, 0x3, 0xfc,
    0xca, 0x0, 0x1, 0x13, 0x80, 0x0, 0x8f, 0x80,
    0x0, 0x49, 0x20, 0x0, 0x19, 0x4, 0x0, 0x3,
    0x5e, 0x86, 0x0, 0x0, 0x68, 0x60, 0x50, 0x0,
    0xf, 0xe3, 0x90, 0x0, 0x8, 0x54, 0x10, 0x54,
    0xc, 0x0, 0x0, 0x18, 0x16, 0x0, 0x1, 0x8f,
    0xc0, 0x0, 0x33, 0xf8, 0x0, 0x7, 0xe, 0x9e,
    0x80, 0x0, 0x7f, 0x8, 0x81, 0x0, 0x0, 0x0,
    0x82, 0x8f, 0xc0, 0x0, 0x22, 0xd0, 0x0, 0xc,
    0x10, 0x12, 0x0, 0x1, 0x2, 0xc, 0x0, 0x0,
    0x79, 0x80, 0x0, 0x3, 0xf8, 0x2c, 0x8, 0x0,
    0x0, 0x2, 0x1e, 0x3c, 0x0, 0x1, 0x7, 0x80,
    0x0, 0x60, 0x50, 0x0, 0xc, 0x16, 0x4, 0x0,
    0x1, 0xe3, 0xe0, 0x0, 0xf, 0xe2, 0xa0, 0x0,
    0x8, 0x40, 0x4, 0x54, 0x0, 0x2, 0x32, 0x0,
    0x0, 0xc1, 0xa0, 0x80, 0x0, 0x10, 0x78, 0x58,
    0x0, 0x7, 0x8b, 0x80, 0x0, 0x3f, 0x86, 0x0,
    0x0, 0x22, 0xd0, 0x2, 0xa0, 0x0, 0x8, 0x68,
    0x0, 0x3, 0x89, 0xc0, 0x0, 0x31, 0xf0, 0x0,
    0x7, 0x1, 0x2a, 0x80, 0x0, 0x7f, 0x21, 0x0,
    0x0, 0x49, 0x80, 0x1, 0x41, 0x80, 0x0, 0x0,
    0x61, 0x30, 0x0, 0xc, 0xf0, 0x0, 0x1, 0xaa,
    0x0, 0x0, 0x39, 0x4c, 0x74, 0x0, 0x3, 0xd,
    0x80, 0x0, 0x6b, 0x60, 0x0, 0xb, 0x38, 0x0,
    0x0, 0x44, 0x0, 0x1, 0x21, 0x80, 0x0, 0x6e,
    0x70, 0x0, 0xc, 0xce, 0xae, 0x0, 0x1, 0x15,
    0xd9, 0x80, 0x0, 0x71, 0x30, 0x0, 0x4, 0xae,
    0x64, 0x0, 0x0, 0x1f, 0x40, 0x0, 0x0, 0x2c,
    0x0, 0x0, 0x59, 0x20, 0x0, 0x19, 0xd, 0x4,
    0x0, 0x2, 0x5, 0xa9, 0xbd, 0x8b, 0xaf, 0xd8,
    0x1d, 0x0, 0x0, 0xe9, 0x13, 0xc1, 0x36, 0x1a,
    0x30, 0x0, 0xa, 0xec, 0x4, 0x0, 0x1, 0x6c,
    0x0, 0x1, 0x3e, 0x82, 0x0, 0x0, 0x68, 0x70,
    0x0, 0xc, 0x2, 0x84, 0xe8, 0xa0, 0x18, 0x0,
    0xa8, 0x8a, 0x0, 0x1, 0xc, 0x61, 0xf6, 0x4f,
    0x5, 0x80, 0x0, 0x12, 0x96, 0xc0, 0x0, 0x23,
    0xb0, 0xf0, 0x0, 0x0, 0xdb, 0x8, 0x0, 0x6,
    0x39, 0x8d, 0x0, 0x0, 0xfc, 0x2b, 0x61, 0x6,
    0xc, 0x0, 0x1, 0xf8, 0xfe, 0xfc, 0x0, 0x3,
    0x2, 0x3b, 0x0, 0x0, 0x50, 0xc1, 0x0, 0x0,
    0x19, 0xca, 0xd0, 0x88, 0x0, 0x3, 0x8c, 0xb3,
    0xc6, 0xce, 0x6e, 0xc8, 0x40, 0x0, 0x38, 0x4e,
    0x2b, 0xc, 0x28, 0x0, 0x3, 0xa5, 0x84, 0x40,
    0x0, 0x3, 0x92, 0x0, 0x0, 0x1c, 0x97, 0xb9,
    0x87, 0x1e, 0xf7, 0x23, 0x87, 0x9a, 0x4a, 0x0,
    0x0, 0x42, 0xdc, 0xba, 0x90, 0x7a, 0x8f, 0xb8,
    0xe9, 0x75, 0x3, 0x0, 0x0, 0xf0, 0x84, 0xc0,
    0x0, 0x4, 0xce, 0xe6, 0x0, 0x1, 0xc0, 0x27,
    0x8e, 0x10, 0x8d, 0xc7, 0x80, 0x0, 0x1c, 0x4,
    0x8a, 0xdf, 0xa, 0xe0, 0x8e, 0xa, 0x0, 0x1,
    0xfc, 0xe0, 0x7c, 0x0, 0x1, 0x47, 0x3d, 0x80,
    0x80, 0x0, 0x7f, 0xf4, 0x81, 0xb4, 0x89, 0x0,
    0x0, 0x0, 0x50, 0x97, 0x3, 0x20, 0x0, 0x1f,
    0xfd, 0x21, 0x3f, 0xd1, 0x90, 0x0, 0x9, 0x1b,
    0xba, 0x60, 0x90, 0x0, 0x3, 0xff, 0xa2, 0x4d,
    0xe2, 0x82, 0x0, 0x1, 0x4, 0x33, 0xed, 0x67,
    0xc7, 0xa8, 0x98, 0xe, 0x4, 0x83, 0x8b, 0x13,
    0x1d, 0x31, 0x4e, 0x83, 0x0, 0x0, 0x7f, 0xf1,
    0x45, 0xef, 0x5f, 0x41, 0x80, 0x0, 0x20, 0x13,
    0x7, 0xa, 0xec, 0xfe, 0x3f, 0x6f, 0x8e, 0x9d,
    0x9c, 0x59, 0xd6, 0x20, 0x10, 0x0, 0xf, 0xfe,
    0x30, 0x1c, 0x17, 0x13, 0x88, 0x58, 0x0, 0x7,
    0xff, 0x5c, 0x6e, 0x3b, 0x9e, 0x61, 0x58, 0x54,
    0x0, 0x3, 0xf8, 0x4, 0x9c, 0x8, 0x0, 0x3,
    0xff, 0x94, 0x26, 0xcf, 0x53, 0xd7, 0xa7, 0x69,
    0x41, 0x18, 0xf3, 0x1, 0x21, 0x41, 0x7d, 0xe1,
    0xb0, 0xa, 0x0, 0x1, 0xff, 0x0,

    /* U+0041 "A" */
    0x0, 0x0, 0xff, 0xa3, 0x3f, 0xff, 0xfe, 0x97,
    0x0, 0x0, 0xff, 0xe4, 0x80, 0xb7, 0x80, 0x0,
    0x7c, 0xf8, 0x8, 0x0, 0x1, 0xff, 0xc8, 0x3d,
    0x1c, 0x0, 0x0, 0xf8, 0x51, 0xc, 0x0, 0x3,
    0xff, 0x91, 0x50, 0x0, 0x1, 0xfd, 0xb0, 0x0,
    0x1, 0xff, 0xc7, 0x3, 0x7d, 0x0, 0x0, 0xfe,
    0x6f, 0x7, 0x0, 0x0, 0xff, 0xe3, 0x23, 0x8b,
    0x0, 0x0, 0x7f, 0x7, 0xab, 0x80, 0x0, 0x7f,
    0xf1, 0xb6, 0x0, 0x0, 0x39, 0x8c, 0x0, 0x3,
    0xbe, 0x0, 0x0, 0x3f, 0xf8, 0xa0, 0xce, 0x40,
    0x0, 0x18, 0x6a, 0x28, 0x8, 0x0, 0x3, 0x2e,
    0x85, 0x80, 0x0, 0x7f, 0xf1, 0x12, 0xc4, 0x40,
    0x0, 0x33, 0x80, 0xb1, 0xf8, 0x0, 0x6, 0xa,
    0x52, 0x0, 0x0, 0xff, 0xe2, 0x74, 0x0, 0x0,
    0x76, 0x88, 0x5, 0x98, 0x0, 0x7, 0x74, 0x0,
    0x0, 0x7f, 0xf0, 0xc2, 0x55, 0x80, 0x0, 0x30,
    0x82, 0x8, 0x2, 0x80, 0x0, 0x7, 0x24, 0x8,
    0x0, 0x0, 0x7f, 0xf0, 0x97, 0x3, 0x0, 0x0,
    0x32, 0x60, 0x28, 0x1, 0x9, 0x78, 0x0, 0x6,
    0x6, 0x71, 0x0, 0x0, 0xff, 0xe1, 0x7c, 0x0,
    0x0, 0x77, 0x88, 0x0, 0x5, 0x5e, 0x0, 0x1,
    0xdb, 0x60, 0x0, 0x1f, 0xfc, 0x10, 0xe5, 0xa0,
    0x0, 0xc, 0x10, 0xb2, 0x0, 0x1, 0x28, 0x0,
    0x0, 0x72, 0x30, 0xb0, 0x0, 0x7, 0xff, 0x1,
    0x4c, 0x20, 0x0, 0x3, 0x23, 0x5, 0x80, 0x0,
    0x45, 0xe4, 0x20, 0x0, 0x18, 0xd, 0xf0, 0x0,
    0x3, 0xff, 0x81, 0xd6, 0x0, 0x1, 0xda, 0x0,
    0x0, 0x1c, 0xa0, 0x0, 0x1, 0xd5, 0x0, 0x0,
    0x1f, 0xf0, 0x9a, 0x68, 0x0, 0x6, 0x3, 0x75,
    0x0, 0x0, 0xeb, 0x30, 0x0, 0xe, 0x3c, 0x1d,
    0x0, 0x0, 0xff, 0x3a, 0x82, 0x0, 0x0, 0x64,
    0x31, 0x40, 0x0, 0xe, 0x3f, 0x15, 0x0, 0x0,
    0xc0, 0x2d, 0xc0, 0x0, 0x1f, 0xed, 0x80, 0x0,
    0xe, 0xd0, 0x0, 0x0, 0xf0, 0x13, 0xb0, 0x0,
    0x7, 0x5c, 0x0, 0x0, 0x7f, 0xc, 0xa1, 0x80,
    0x0, 0x74, 0xc7, 0x9f, 0x9f, 0xcc, 0xa0, 0x0,
    0x1c, 0x68, 0x48, 0x0, 0x1, 0xf9, 0xdc, 0x8,
    0x0, 0x3, 0x82, 0x3, 0x3, 0x3e, 0x6, 0x0,
    0x0, 0xf2, 0xc0, 0x0, 0x7, 0xea, 0x80, 0x0,
    0xf, 0xfe, 0x4d, 0x48, 0x0, 0x7, 0xc3, 0xe7,
    0x20, 0x0, 0x1f, 0xfc, 0x92, 0xa2, 0xc0, 0x0,
    0xf, 0x34, 0x0, 0x0, 0x7f, 0xf2, 0xea, 0x0,
    0x0, 0x3d, 0x70, 0x0, 0x1, 0xc9, 0xff, 0xff,
    0xff, 0xf1, 0x10, 0x0, 0x7, 0x2c, 0x0, 0x0,
    0x71, 0x39, 0x80, 0x0, 0x7, 0x69, 0x0, 0x0,
    0x7f, 0xc9, 0xa0, 0x0, 0x1c, 0x46, 0x6a, 0x0,
    0x1, 0x96, 0x0, 0x0, 0x38, 0x5, 0xd4, 0x0,
    0x3, 0xfe, 0xd2, 0x0, 0x0, 0xf5, 0xc0, 0x0,
    0x6, 0xa8, 0x0, 0x0, 0xe3, 0x91, 0x70, 0x0,
    0xf, 0xf9, 0x18, 0x3c, 0x0, 0x3, 0x9a, 0x40,
    0x40, 0x0, 0x5, 0xe5, 0x0, 0x0, 0x1d, 0x7a,
    0x0, 0x1, 0xff, 0xc0, 0x4, 0x57, 0x0, 0x0,
    0xe1, 0xb3, 0xf0, 0x0, 0x5, 0x40, 0x0, 0x7,
    0x95, 0x80, 0x0, 0x3f, 0xf8, 0x3f, 0xa0, 0x0,
    0x1e, 0xa8, 0x0, 0x0, 0x2c, 0x0, 0x0, 0x71,
    0x1, 0x60, 0x0, 0x7, 0xff, 0x5, 0x2c, 0x10,
    0x0, 0x3, 0x9f, 0x41, 0xd, 0xc8, 0x0, 0x0,
    0x39, 0x34, 0x0, 0x3, 0xff, 0x84, 0x22, 0x8a,
    0x0, 0x1, 0xc2, 0x88, 0x60,

    /* U+0042 "B" */
    0x5b, 0xff, 0xff, 0xff, 0xe0, 0xfe, 0x76, 0x6b,
    0xd1, 0xb1, 0x86, 0x0, 0x0, 0x7f, 0xf2, 0x0,
    0xc4, 0xca, 0x17, 0x27, 0x3f, 0x5e, 0x0, 0xc0,
    0x0, 0x3f, 0xf9, 0x61, 0xd0, 0xf7, 0xa1, 0x20,
    0x0, 0x1f, 0xfc, 0xc4, 0x1a, 0x20, 0x0, 0xf,
    0xf0, 0x58, 0x80, 0x86, 0xe, 0x0, 0x0, 0xfe,
    0x54, 0x46, 0x0, 0x0, 0xfe, 0xb7, 0xef, 0xef,
    0xde, 0x3e, 0x99, 0xec, 0xc0, 0x80, 0x0, 0x1e,
    0xea, 0x0, 0x0, 0xff, 0xe1, 0x85, 0x98, 0x4c,
    0xd0, 0x80, 0x0, 0x79, 0x78, 0x0, 0x3, 0xff,
    0x8c, 0xb4, 0x82, 0x0, 0x1, 0xc1, 0xa1, 0xc0,
    0x0, 0x1f, 0xfc, 0x63, 0x90, 0x0, 0xf, 0x0,
    0x80, 0x0, 0x7f, 0xf1, 0xbf, 0x40, 0x0, 0x38,
    0x7c, 0x3c, 0x0, 0x3, 0xff, 0x8d, 0xa2, 0x0,
    0x1, 0xc9, 0xc0, 0x0, 0x1f, 0xfc, 0x62, 0xa5,
    0xf0, 0x0, 0xc, 0x5, 0x34, 0x0, 0x1, 0xff,
    0xc5, 0x37, 0xf2, 0xb, 0x0, 0x0, 0xcc, 0xe6,
    0x80, 0x0, 0x1f, 0xd8, 0x8b, 0x6b, 0x79, 0xaa,
    0x2a, 0xf7, 0x20, 0x9c, 0x0, 0x3, 0x32, 0x4f,
    0x80, 0x0, 0x7f, 0x9e, 0x29, 0x29, 0x34, 0xab,
    0xaa, 0x10, 0x0, 0x6, 0x36, 0x9e, 0x9b, 0x5,
    0x0, 0x0, 0xff, 0xe4, 0xac, 0x7b, 0xb3, 0x0,
    0x0, 0x7f, 0xf2, 0xd6, 0x30, 0x7c, 0x26, 0x3,
    0x0, 0x0, 0x3f, 0xf9, 0x61, 0xc, 0xfa, 0x27,
    0x0, 0x0, 0x1f, 0xd7, 0x9f, 0xff, 0xfd, 0xd9,
    0x9f, 0x48, 0x70, 0x0, 0x1, 0xc4, 0x5a, 0x42,
    0x80, 0x0, 0x1f, 0xfc, 0x21, 0x33, 0x5, 0xbc,
    0x79, 0x80, 0x0, 0xe, 0x15, 0xbc, 0x0, 0x0,
    0xff, 0xe3, 0x33, 0xaf, 0x80, 0x0, 0x72, 0xb9,
    0x78, 0x0, 0x7, 0xff, 0x1b, 0xcc, 0x0, 0x3,
    0xcb, 0x20, 0x0, 0x1f, 0xfc, 0x67, 0xf0, 0x0,
    0xf, 0x70, 0x0, 0x0, 0x7f, 0xf1, 0x9f, 0x80,
    0x0, 0x3c, 0x2, 0x0, 0x1, 0xff, 0xc6, 0xc8,
    0x0, 0x0, 0xf7, 0x48, 0x0, 0x7, 0xff, 0x15,
    0x55, 0x94, 0x0, 0x3, 0xc7, 0x20, 0x0, 0x1f,
    0xfc, 0x10, 0x31, 0xc4, 0x4b, 0x1a, 0xb0, 0x0,
    0xf, 0x9, 0x21, 0x0, 0x0, 0x7d, 0x6f, 0xdf,
    0xdf, 0xdf, 0x1c, 0x77, 0x69, 0xc0, 0x20, 0x0,
    0x1e, 0x81, 0x5, 0x0, 0x0, 0xf8, 0x2c, 0x40,
    0x43, 0x81, 0x0, 0x0, 0x3f, 0x92, 0x1b, 0xc0,
    0x0, 0x3f, 0xf9, 0x69, 0xf7, 0xe0, 0x60, 0x0,
    0x1f, 0xfc, 0x92, 0x3a, 0x3b, 0x0, 0x80, 0x0,
    0xf, 0xfe, 0x28, 0x68, 0xf1, 0xfb, 0xb5, 0xe6,
    0xea, 0xe0, 0x0, 0x6,

    /* U+0043 "C" */
    0x0, 0x0, 0xff, 0x81, 0xd, 0x53, 0x99, 0x5e,
    0x5b, 0x56, 0xf, 0x2, 0x0, 0x0, 0x3f, 0xf8,
    0xc0, 0x8b, 0x95, 0x7e, 0xb9, 0x56, 0x33, 0x50,
    0xd2, 0x54, 0xf8, 0x7e, 0x17, 0xec, 0x60, 0xe0,
    0x0, 0x1f, 0xfc, 0x25, 0x4d, 0xda, 0x35, 0x40,
    0xe0, 0x0, 0xf, 0x81, 0xd0, 0x27, 0x3b, 0xda,
    0xc0, 0x40, 0x0, 0x3f, 0xc1, 0x15, 0x55, 0x64,
    0xc0, 0x0, 0x1f, 0xfc, 0x11, 0x79, 0x4b, 0x81,
    0x80, 0x0, 0xf, 0xc2, 0x79, 0xca, 0xa0, 0x0,
    0x1f, 0xfc, 0x54, 0x6c, 0x11, 0x70, 0x0, 0xf,
    0x1, 0x57, 0x1c, 0x80, 0x0, 0x7f, 0xf1, 0xc9,
    0xb1, 0x2, 0xc0, 0x0, 0x39, 0xe5, 0x8, 0x0,
    0x3, 0xc0, 0x2a, 0x75, 0xfc, 0x5f, 0x5b, 0xd6,
    0x4e, 0x20, 0xe0, 0x0, 0x1e, 0x2c, 0x84, 0x0,
    0x0, 0xc4, 0xf0, 0xe0, 0x0, 0x1e, 0x1a, 0xbf,
    0xac, 0x50, 0x1d, 0x5, 0x21, 0x4d, 0x8e, 0xdb,
    0x47, 0x0, 0x0, 0xf3, 0x91, 0x80, 0x0, 0x5,
    0x7c, 0x6, 0x0, 0x1, 0xc2, 0xb9, 0xa8, 0x20,
    0x0, 0x1f, 0x11, 0xdf, 0x1c, 0x80, 0x0, 0x70,
    0x15, 0x58, 0x0, 0x0, 0x55, 0xb8, 0x0, 0x3,
    0xd7, 0x65, 0x0, 0x0, 0x1f, 0xc0, 0xdb, 0x82,
    0xc0, 0x0, 0x1c, 0xd2, 0x16, 0x0, 0xf8, 0x10,
    0x0, 0x1, 0xc8, 0x2a, 0x20, 0x0, 0x1f, 0xf0,
    0xd3, 0x70, 0x0, 0x7, 0x6, 0xa5, 0x80, 0x67,
    0x0, 0x0, 0x7b, 0xac, 0x0, 0x3, 0xff, 0x83,
    0x68, 0x0, 0x1, 0xe2, 0xc0, 0x4, 0x30, 0x0,
    0xe, 0x9, 0x52, 0x0, 0x0, 0xff, 0xe0, 0x99,
    0xc5, 0x42, 0x42, 0x71, 0x40, 0xc8, 0xd8, 0x0,
    0x7, 0x18, 0x3, 0x80, 0x0, 0x7f, 0xf0, 0x9d,
    0x5e, 0xde, 0xf9, 0x10, 0xdc, 0x0, 0x3, 0xca,
    0x20, 0x0, 0x1f, 0xfc, 0xa6, 0xe0, 0x0, 0xf,
    0xb, 0x0, 0x0, 0x7f, 0xf2, 0x84, 0xc0, 0x0,
    0x3d, 0xe6, 0x0, 0x1, 0xff, 0xca, 0x1, 0x0,
    0x0, 0xf0, 0x8, 0x0, 0x7, 0xff, 0x28, 0x48,
    0x0, 0x3, 0xde, 0x20, 0x0, 0x1f, 0xfc, 0xa6,
    0xd0, 0x0, 0xf, 0xd, 0x0, 0x0, 0x7f, 0xf2,
    0x8d, 0x40, 0x0, 0x3c, 0xbe, 0x0, 0x1, 0xff,
    0xca, 0x18, 0x1b, 0x0, 0x0, 0xe3, 0x10, 0x70,
    0x0, 0xf, 0xfe, 0x10, 0xc0, 0xd8, 0xdf, 0x8,
    0x0, 0x21, 0x80, 0x0, 0x70, 0x4a, 0x90, 0x0,
    0x7, 0xff, 0x4, 0x5f, 0x93, 0x93, 0xcd, 0x80,
    0x19, 0xc0, 0x0, 0x1e, 0xe9, 0x0, 0x0, 0xff,
    0xe0, 0xbc, 0x81, 0x80, 0x0, 0x71, 0xb0, 0x3,
    0xe0, 0x40, 0x0, 0x7, 0x21, 0xa7, 0x80, 0x0,
    0x7f, 0xc0, 0xf7, 0xa0, 0x0, 0x1c, 0x8, 0xbe,
    0x0, 0x2a, 0xd8, 0x0, 0x1, 0xea, 0x62, 0x50,
    0x0, 0xf, 0xf5, 0x19, 0x60, 0x0, 0x7, 0x2a,
    0xa, 0x80, 0x0, 0x2c, 0x80, 0xc0, 0x0, 0x38,
    0x5b, 0x1c, 0xf4, 0x0, 0x3, 0xe1, 0x29, 0x95,
    0xb0, 0x0, 0xf, 0x74, 0x0, 0x0, 0x45, 0x30,
    0x40, 0x0, 0x1e, 0x1d, 0xc3, 0xaa, 0x4d, 0x1b,
    0x4, 0x1b, 0x43, 0x7e, 0xfd, 0x66, 0x0, 0x0,
    0xf2, 0x7a, 0x38, 0x0, 0x6, 0x7c, 0x3f, 0x0,
    0x0, 0xf0, 0xa, 0xad, 0x97, 0x27, 0xdf, 0x25,
    0xe4, 0x8, 0x80, 0x0, 0x7, 0x85, 0x2a, 0x80,
    0x0, 0x38, 0xb, 0x54, 0xdc, 0x0, 0x3, 0xff,
    0x8e, 0x25, 0xb6, 0x34, 0x0, 0x1, 0xe1, 0x5c,
    0x15, 0x0, 0x0, 0xf, 0xfe, 0x29, 0x36, 0x11,
    0x80, 0x0, 0x7, 0xe0, 0x9a, 0xea, 0x62, 0x30,
    0x0, 0xf, 0xfe, 0x8, 0x43, 0x96, 0x81, 0x78,
    0x0, 0x7, 0xf8, 0x5, 0x67, 0x66, 0x7d, 0x44,
    0x34, 0x0, 0x3, 0xe0, 0x23, 0x8, 0x5e, 0x38,
    0xd0, 0x90, 0x0, 0xf, 0xfe, 0x8, 0x2b, 0x5,
    0x77, 0xbe, 0x45, 0x7c, 0xcc, 0x2c, 0x7d, 0x15,
    0xdf, 0x9e, 0x7b, 0xd0, 0xa0, 0x0, 0x7, 0xc0,

    /* U+0044 "D" */
    0x5b, 0xff, 0xff, 0xff, 0xe0, 0x77, 0xed, 0xe3,
    0xd0, 0xaf, 0xd, 0x80, 0x0, 0x7f, 0xf2, 0x84,
    0x9, 0xe, 0x17, 0xa8, 0x79, 0x30, 0x50, 0x0,
    0x0, 0x3f, 0xf9, 0xc7, 0xd7, 0xf7, 0xa3, 0x40,
    0x0, 0x1f, 0xfc, 0xe4, 0x2f, 0xf3, 0x50, 0x0,
    0xf, 0xfe, 0x70, 0xd6, 0x19, 0x78, 0x0, 0x7,
    0xf9, 0x9a, 0x32, 0x32, 0x8b, 0x7f, 0x6a, 0x3c,
    0x4, 0x0, 0x0, 0xf8, 0x27, 0xd4, 0x34, 0x0,
    0x3, 0xfb, 0x69, 0xcd, 0xce, 0x74, 0x80, 0x95,
    0xc3, 0xeb, 0x81, 0xd, 0x0, 0x0, 0xf1, 0x2c,
    0xb0, 0x0, 0x7, 0xff, 0x14, 0x41, 0xfb, 0x5c,
    0x88, 0x0, 0x3, 0xcc, 0x23, 0x80, 0x0, 0x1f,
    0xfc, 0x62, 0x5c, 0x1, 0x0, 0x0, 0xe, 0x5,
    0x90, 0x0, 0x0, 0xff, 0xe3, 0x8e, 0xc7, 0x80,
    0x0, 0x79, 0x80, 0x4, 0x0, 0x3, 0xff, 0x8e,
    0xc6, 0x38, 0x0, 0x1, 0xc2, 0x65, 0x60, 0x0,
    0x1f, 0xfc, 0x70, 0x36, 0x70, 0x0, 0xf, 0x21,
    0x0, 0x0, 0x7f, 0xf2, 0x33, 0x0, 0x0, 0x3d,
    0xe6, 0x0, 0x1, 0xff, 0xc8, 0x5d, 0x0, 0x0,
    0xf1, 0xa0, 0x0, 0x7, 0xff, 0x20, 0x50, 0x8,
    0x0, 0x3, 0x9b, 0x80, 0x0, 0x3f, 0xf9, 0x0,
    0x22, 0x40, 0x0, 0x1c, 0x2a, 0x0, 0x1, 0xff,
    0xc9, 0x1e, 0x0, 0x0, 0xe1, 0xb0, 0x0, 0xf,
    0xfe, 0x40, 0x10, 0x78, 0x0, 0x7, 0x39, 0x0,
    0x0, 0x7f, 0xf2, 0x6, 0x80, 0x40, 0x0, 0x38,
    0x5c, 0x0, 0x3, 0xff, 0x90, 0xa6, 0x0, 0x1,
    0xe3, 0x90, 0x0, 0xf, 0xfe, 0x46, 0x68, 0x0,
    0x7, 0xb2, 0x40, 0x0, 0x3f, 0xf8, 0xe0, 0x6c,
    0xa0, 0x0, 0x1e, 0x47, 0x0, 0x0, 0xff, 0xe3,
    0xae, 0x8e, 0x0, 0x0, 0x71, 0x8, 0xe8, 0x0,
    0x7, 0xff, 0x18, 0x6e, 0xc0, 0x0, 0x3, 0xd5,
    0x0, 0x0, 0x1f, 0xfc, 0x62, 0x3c, 0x71, 0x10,
    0x0, 0xe, 0xc, 0x66, 0x0, 0x0, 0xff, 0xe2,
    0x9, 0x3f, 0x68, 0x91, 0x80, 0x0, 0x79, 0xc0,
    0x40, 0x0, 0x3, 0xf6, 0xe3, 0xdb, 0xde, 0x86,
    0x9b, 0xc7, 0xee, 0x81, 0xd, 0x0, 0x0, 0xf1,
    0xbc, 0x30, 0x0, 0x7, 0xf3, 0x4, 0x24, 0x26,
    0x79, 0x64, 0x38, 0x3, 0x0, 0x0, 0xf8, 0x53,
    0xa0, 0x14, 0x0, 0x3, 0xff, 0x98, 0x4f, 0x9e,
    0x40, 0x0, 0x1, 0xff, 0xcc, 0x52, 0xc8, 0x24,
    0x0, 0x0, 0xff, 0xe5, 0x0, 0xa3, 0xe5, 0x56,
    0x88, 0x0, 0x0, 0x7f, 0xf1, 0x83, 0xc8, 0xce,
    0x17, 0xe9, 0x3a, 0x2e, 0xd, 0x40, 0x0, 0x3e,

    /* U+0045 "E" */
    0x5b, 0xff, 0xff, 0xff, 0xe4, 0x51, 0x80, 0x0,
    0x7f, 0xff, 0xc0, 0x0, 0x3f, 0xf9, 0xc, 0xd1,
    0x91, 0x9f, 0xfc, 0x1e, 0x90, 0x0, 0xf, 0xb6,
    0x9c, 0xdc, 0xff, 0xf8, 0x29, 0x40, 0x0, 0x1f,
    0xff, 0xf0, 0x0, 0xf, 0xff, 0xa5, 0xe7, 0xff,
    0xff, 0xff, 0x3, 0x4c, 0x0, 0x3, 0xff, 0xfe,
    0x0, 0x1, 0xff, 0xc9, 0xaa, 0xe8, 0xe8, 0xff,
    0xe0, 0x60, 0x0, 0x0, 0x7e, 0x16, 0x17, 0x17,
    0xff, 0xe0, 0x9, 0x80, 0x0, 0x7f, 0xff, 0xc0,
    0x0, 0x3f, 0xfe, 0xbb, 0x8f, 0x6f, 0x7f, 0xfc,
    0x14, 0xf0, 0x0, 0xf, 0x98, 0x21, 0x21, 0x3f,
    0xf8, 0x3d, 0x80, 0x0, 0x1f, 0xff, 0xf0, 0x0,
    0xf, 0xfe, 0x8,

    /* U+0046 "F" */
    0x5b, 0xff, 0xff, 0xff, 0xe4, 0x33, 0x80, 0x0,
    0x7f, 0xff, 0xc0, 0x0, 0x3f, 0xf9, 0xc, 0xd1,
    0x91, 0x9f, 0xfc, 0x14, 0x80, 0x0, 0xf, 0xb6,
    0x9c, 0xdc, 0xff, 0xf8, 0x25, 0xe0, 0x0, 0x1f,
    0xff, 0xf0, 0x0, 0xf, 0xff, 0xf8, 0x0, 0x7,
    0xfd, 0x79, 0xff, 0xff, 0xff, 0xc0, 0x2b, 0x0,
    0x0, 0xff, 0xff, 0x80, 0x0, 0x7f, 0xf2, 0x63,
    0xf1, 0x31, 0x3f, 0xf8, 0x4, 0x20, 0x0, 0x1f,
    0x8c, 0xce, 0xce, 0xff, 0xf8, 0x1, 0x40, 0x0,
    0x1f, 0xff, 0xf0, 0x0, 0xf, 0xff, 0xf8, 0x0,
    0x7, 0xff, 0xfc, 0x0, 0x3, 0xff, 0x8c,

    /* U+0047 "G" */
    0x0, 0x0, 0xff, 0x80, 0xcc, 0x93, 0x18, 0x9e,
    0x1c, 0x17, 0x10, 0xc3, 0x40, 0x0, 0x3f, 0xf8,
    0xc0, 0x6b, 0x35, 0x1d, 0xb9, 0xb6, 0x73, 0xb0,
    0xf1, 0xf4, 0x77, 0x9e, 0x39, 0xae, 0xa2, 0x40,
    0x0, 0x1f, 0xfc, 0x25, 0x2d, 0x4a, 0x65, 0x71,
    0x10, 0x0, 0xf, 0x80, 0xcc, 0xa2, 0xb9, 0x22,
    0x2, 0x0, 0x0, 0x3f, 0xc1, 0x15, 0x35, 0xa5,
    0x0, 0x0, 0x1f, 0xfc, 0x10, 0x97, 0x7d, 0x23,
    0x0, 0x0, 0xf, 0xc2, 0x99, 0xca, 0xc0, 0x0,
    0x1f, 0xfc, 0x52, 0x5c, 0x3, 0x90, 0x0, 0xf,
    0x1, 0x55, 0x1c, 0x80, 0x0, 0x7f, 0xf1, 0xc3,
    0xf2, 0xc8, 0xc0, 0x0, 0x39, 0xf1, 0x4, 0x0,
    0x3, 0xc0, 0x4b, 0x15, 0xfc, 0x5f, 0x5d, 0x18,
    0x50, 0xa2, 0x60, 0x0, 0x1e, 0xd, 0xea, 0x4,
    0x0, 0x0, 0x8a, 0x60, 0x80, 0x0, 0x3c, 0x49,
    0x97, 0x4e, 0xa0, 0x3a, 0xa, 0x2e, 0x7a, 0xf5,
    0xc2, 0xd4, 0x0, 0x1, 0xe3, 0x66, 0x0, 0x0,
    0xa, 0xd4, 0xc, 0x0, 0x3, 0x88, 0x31, 0xcd,
    0x80, 0x0, 0x3e, 0xd, 0x95, 0x65, 0x0, 0x0,
    0xf5, 0xe0, 0x8, 0x0, 0xc3, 0x20, 0x0, 0x7,
    0xb8, 0x47, 0x0, 0x0, 0x3f, 0xd3, 0x5, 0x20,
    0x0, 0x1c, 0x4e, 0x70, 0x0, 0xe6, 0xe, 0x0,
    0x1, 0xca, 0xa7, 0xc0, 0x0, 0x1f, 0xf0, 0x15,
    0x98, 0x0, 0x7, 0x93, 0x80, 0x30, 0x40, 0x0,
    0x3d, 0xdc, 0x0, 0x1, 0xff, 0xc1, 0x6d, 0x8c,
    0x8c, 0xf1, 0xe8, 0x2, 0x10, 0x0, 0x7, 0x8,
    0x23, 0x0, 0x0, 0x7f, 0xf0, 0x42, 0x1c, 0xdc,
    0xfc, 0x94, 0x34, 0x2e, 0x0, 0x1, 0xca, 0x40,
    0x40, 0x0, 0x1f, 0xfc, 0x93, 0x50, 0x0, 0xf,
    0x16, 0x0, 0x0, 0x7f, 0xf2, 0x9b, 0x40, 0x0,
    0x3d, 0xdc, 0x0, 0x1, 0xff, 0xca, 0x16, 0x0,
    0x0, 0xf0, 0x70, 0x0, 0x7, 0xe4, 0xfd, 0x3d,
    0x3f, 0xfe, 0x6, 0x80, 0x28, 0x0, 0x7, 0x81,
    0x0, 0x0, 0x3f, 0x8, 0x16, 0x16, 0x7f, 0xf0,
    0xa, 0xdb, 0xc0, 0x0, 0x3d, 0xe0, 0x0, 0x1,
    0xff, 0xca, 0x12, 0x0, 0x0, 0xf0, 0xd8, 0x0,
    0x7, 0xff, 0x28, 0xe8, 0x0, 0x3, 0xc9, 0xe0,
    0x0, 0x1f, 0xfc, 0x91, 0x1, 0x61, 0xf0, 0x0,
    0xe, 0x2d, 0xf, 0x0, 0x0, 0xf9, 0x7f, 0xff,
    0xff, 0xcf, 0x80, 0x0, 0x1c, 0x7a, 0x0, 0x86,
    0x0, 0x1, 0xc0, 0x6d, 0x20, 0x0, 0x1f, 0xfc,
    0x22, 0x10, 0x0, 0xe, 0x17, 0x0, 0xc6, 0x0,
    0x0, 0xf5, 0xb0, 0x10, 0x0, 0x7, 0xff, 0x0,
    0x5, 0x0, 0x0, 0x3, 0x93, 0x40, 0x1d, 0xc2,
    0xc0, 0x0, 0x38, 0xbd, 0xb8, 0x0, 0x3, 0xff,
    0x80, 0xc0, 0x3a, 0x0, 0x1, 0xd8, 0xa0, 0x2,
    0x4c, 0xe0, 0x0, 0x1e, 0x9a, 0x3f, 0x0, 0x0,
    0xff, 0x15, 0xca, 0x0, 0x0, 0x70, 0x62, 0x10,
    0x0, 0x2, 0xc4, 0x14, 0x0, 0x3, 0x82, 0x73,
    0x17, 0xc0, 0x0, 0x3f, 0x28, 0x65, 0x5, 0x0,
    0x0, 0x73, 0xa0, 0x58, 0x0, 0x0, 0x8a, 0x20,
    0x0, 0x3, 0xc1, 0x94, 0x19, 0xd, 0x5, 0x1,
    0x82, 0x47, 0x4c, 0x57, 0xf5, 0xe3, 0xc0, 0x0,
    0x1c, 0x19, 0x26, 0x0, 0x1, 0x9c, 0xd2, 0xc0,
    0x0, 0x3e, 0x37, 0x97, 0xd7, 0xf3, 0xed, 0xc5,
    0x9d, 0x40, 0x0, 0x0, 0xfa, 0x90, 0x50, 0x0,
    0x3, 0x0, 0xdd, 0xa1, 0x0, 0x0, 0x7f, 0xf2,
    0x1e, 0xd5, 0xc0, 0x0, 0x3c, 0x1f, 0x70, 0xc0,
    0x0, 0x1, 0xff, 0xc5, 0x5, 0x93, 0x84, 0x0,
    0x0, 0xfc, 0xb, 0x3f, 0x68, 0x5e, 0x0, 0x1,
    0xff, 0xc2, 0x3c, 0xc2, 0x6c, 0x0, 0x0, 0xff,
    0x92, 0xf4, 0x6b, 0x57, 0x5, 0x40, 0x0, 0x3f,
    0xd, 0x2e, 0x61, 0x61, 0x9c, 0x0, 0x0, 0x7f,
    0xf0, 0x40, 0x54, 0xa8, 0xfa, 0xf4, 0x6d, 0x27,
    0xa2, 0x22, 0xa7, 0xac, 0x76, 0x79, 0x68, 0xcf,
    0x40, 0x0, 0x3e,

    /* U+0048 "H" */
    0x5b, 0xff, 0xff, 0xf2, 0x18, 0x0, 0x7, 0xff,
    0x5, 0xbf, 0xff, 0xff, 0xc5, 0xe0, 0x0, 0x1f,
    0xff, 0xf0, 0x0, 0xf, 0xff, 0xf8, 0x0, 0x7,
    0xff, 0xfc, 0x0, 0x3, 0xff, 0xfe, 0x0, 0x1,
    0xff, 0xeb, 0xbc, 0xff, 0xff, 0xff, 0xe0, 0xc8,
    0x0, 0x0, 0x7f, 0xff, 0xc0, 0x0, 0x3f, 0xfd,
    0x6c, 0xd1, 0x91, 0x9f, 0xfc, 0x14, 0xe0, 0x0,
    0xf, 0xfe, 0x16, 0xd3, 0x9b, 0x9f, 0xff, 0x7,
    0x78, 0x0, 0x3, 0xff, 0xfe, 0x0, 0x1, 0xff,
    0xff, 0x0, 0x0, 0xff, 0xff, 0x80, 0x0, 0x7f,
    0xff, 0xc0, 0x0, 0x3f, 0xfd, 0x60,

    /* U+0049 "I" */
    0x5b, 0xff, 0xff, 0xf2, 0x18, 0x0, 0x7, 0xff,
    0xfc, 0x0, 0x3, 0xff, 0xfe, 0x0, 0x1, 0xff,
    0xff, 0x0, 0x0, 0xff, 0xe5, 0x80,

    /* U+004A "J" */
    0x0, 0x0, 0xff, 0xe1, 0xb3, 0xff, 0xff, 0xf8,
    0xec, 0x0, 0x3, 0xff, 0xfe, 0x0, 0x1, 0xff,
    0xff, 0x0, 0x0, 0xff, 0xff, 0x80, 0x0, 0x7f,
    0xff, 0xc0, 0x0, 0x3f, 0xff, 0xe0, 0x0, 0x1f,
    0xff, 0xf0, 0x0, 0xf, 0xfe, 0x68, 0x78, 0x0,
    0x7, 0xc4, 0xaf, 0xef, 0xfe, 0x15, 0x0, 0x0,
    0xf8, 0x58, 0x0, 0x3, 0xc2, 0xa3, 0x90, 0x10,
    0x1e, 0x58, 0x0, 0x0, 0xfb, 0x84, 0x0, 0x3,
    0xc6, 0x83, 0x20, 0x0, 0x1e, 0xd6, 0x0, 0x0,
    0xf0, 0x63, 0xb0, 0x0, 0x7, 0x5, 0xf, 0x10,
    0xf, 0x80, 0x0, 0x73, 0x2a, 0x68, 0x0, 0x6,
    0x2, 0x9f, 0x16, 0x0, 0x0, 0xe4, 0xc0, 0x40,
    0x7, 0x10, 0x0, 0xe, 0x1, 0xb2, 0xa3, 0x5d,
    0x44, 0x6a, 0xc6, 0x6c, 0x0, 0x0, 0xf6, 0x90,
    0x0, 0x2, 0x34, 0x20, 0x0, 0x3, 0xcb, 0x94,
    0x57, 0x72, 0xa7, 0x60, 0x0, 0x1e, 0x17, 0x62,
    0x0, 0x0, 0xe, 0x47, 0x80, 0x0, 0x7f, 0xf1,
    0x6c, 0x42, 0x40, 0x0, 0x27, 0x86, 0x30, 0x0,
    0xf, 0xfe, 0x1b, 0xca, 0xc8, 0x0, 0x7, 0x4e,
    0x47, 0x3, 0x0, 0x0, 0x7f, 0xc1, 0x33, 0x90,
    0xc0, 0x0, 0x1f, 0x38, 0xf3, 0xb7, 0x8a, 0x80,
    0x0, 0x7c, 0x30, 0xed, 0xdc, 0xc6, 0x0, 0x1,
    0xfc, 0x3d, 0x21, 0xd7, 0xa7, 0x4b, 0x23, 0x9,
    0x29, 0x4f, 0xb1, 0xcf, 0x12, 0x30, 0x0, 0x1,
    0xc0,

    /* U+004B "K" */
    0x5b, 0xff, 0xff, 0xf2, 0x18, 0x0, 0x7, 0xf8,
    0x7b, 0xab, 0xff, 0xff, 0xcb, 0x40, 0x0, 0x1f,
    0xfc, 0x60, 0xad, 0x1, 0x50, 0x0, 0xe, 0x7a,
    0x5a, 0x0, 0x0, 0xff, 0xe3, 0x51, 0x98, 0x80,
    0x0, 0x72, 0x7c, 0x20, 0x0, 0x7, 0xff, 0x19,
    0xed, 0x58, 0x0, 0x3, 0x8b, 0x6f, 0x0, 0x40,
    0x0, 0x3f, 0xf8, 0xa9, 0xb0, 0xa0, 0x0, 0x1c,
    0x2b, 0xe4, 0x18, 0x0, 0x1, 0xff, 0xc5, 0x2a,
    0xbf, 0x1, 0x0, 0x0, 0xc0, 0xba, 0xe4, 0x0,
    0x0, 0x1f, 0xfc, 0x51, 0x1f, 0x60, 0xd0, 0x0,
    0xe, 0x99, 0x3d, 0x0, 0x0, 0xff, 0xe2, 0x81,
    0xd5, 0x91, 0x80, 0x0, 0x73, 0x83, 0x18, 0x0,
    0x7, 0xff, 0x1a, 0x31, 0x14, 0x0, 0x3, 0x91,
    0xe3, 0x0, 0x0, 0x3f, 0xf8, 0xcc, 0xe, 0x0,
    0x0, 0x1c, 0x4f, 0x50, 0x6, 0x0, 0x1, 0xff,
    0xc5, 0x38, 0x98, 0x0, 0x0, 0xe1, 0x1f, 0xd1,
    0x0, 0x0, 0xf, 0xfe, 0x28, 0xde, 0xf0, 0x38,
    0x0, 0x6, 0x3, 0xaa, 0x25, 0x0, 0x0, 0xff,
    0xe2, 0x84, 0x68, 0x8c, 0x80, 0x0, 0x74, 0x82,
    0x20, 0x0, 0x7, 0xff, 0x14, 0x1e, 0xac, 0xd4,
    0x0, 0x3, 0x99, 0x9b, 0x0, 0x0, 0x3f, 0xf8,
    0xdf, 0xb, 0x80, 0x0, 0x1e, 0xdf, 0x0, 0x0,
    0xff, 0xe3, 0xa1, 0x80, 0x0, 0x7d, 0x4a, 0x20,
    0x0, 0x1, 0xff, 0xce, 0x1c, 0xb8, 0x0, 0x0,
    0xff, 0xe7, 0xab, 0xae, 0x0, 0x0, 0x7f, 0xf2,
    0x6, 0x80, 0x0, 0x3d, 0x5a, 0x3e, 0x0, 0x1,
    0xff, 0xc6, 0x7d, 0xcb, 0x7, 0x0, 0x0, 0xe0,
    0xed, 0xd0, 0x20, 0x0, 0xf, 0xfe, 0x22, 0x94,
    0x19, 0x74, 0x50, 0x0, 0x7, 0x8f, 0x5e, 0xc0,
    0x0, 0x3f, 0xf8, 0x65, 0xf4, 0xc0, 0x20, 0xe,
    0x68, 0x40, 0x0, 0x1e, 0x83, 0x33, 0x0, 0x0,
    0xff, 0xe1, 0x4c, 0x85, 0x80, 0x0, 0x0, 0x68,
    0x44, 0x40, 0x0, 0x38, 0x17, 0xac, 0x28, 0x0,
    0x3, 0xff, 0x82, 0x14, 0x0, 0x1, 0x87, 0x2e,
    0x0, 0x0, 0x3c, 0x4f, 0x38, 0x0, 0x1, 0xff,
    0xc7, 0x56, 0x5d, 0x0, 0x0, 0xf3, 0x4a, 0x58,
    0x0, 0x7, 0xff, 0x1e, 0xb0, 0x7c, 0x0, 0x3,
    0xd4, 0x42, 0xc0, 0x0, 0x1f, 0xfc, 0x60, 0xed,
    0xd0, 0x20, 0x0, 0xe, 0x16, 0xa5, 0x0, 0x0,
    0xff, 0xe3, 0x9e, 0xbd, 0x80, 0x0, 0x79, 0x31,
    0x9c, 0x0, 0x3, 0xff, 0x8f, 0x6, 0x64, 0x0,
    0x1, 0xe9, 0x22, 0x70, 0x0, 0xf, 0xfe, 0x30,
    0x2f, 0x28, 0x48, 0x0, 0x7, 0x5, 0x76, 0x2,
    0x80, 0x0, 0x7f, 0xf1, 0x8a, 0x27, 0x0, 0x0,
    0x3c, 0x69, 0x2, 0x0, 0x1, 0xff, 0xc7, 0x6a,
    0x4a, 0x0, 0x0, 0xf3, 0xc9, 0xe0,

    /* U+004C "L" */
    0x5b, 0xff, 0xff, 0xf2, 0x18, 0x0, 0x7, 0xff,
    0xfc, 0x0, 0x3, 0xff, 0xfe, 0x0, 0x1, 0xff,
    0xff, 0x0, 0x0, 0xff, 0xff, 0x80, 0x0, 0x7f,
    0xff, 0xc0, 0x0, 0x3f, 0xff, 0xe0, 0x0, 0x1f,
    0xff, 0xf0, 0x0, 0xf, 0xff, 0x16, 0xe3, 0xdb,
    0xdf, 0xff, 0x4, 0x44, 0x0, 0x3, 0xe6, 0x8,
    0x48, 0x4f, 0xfe, 0x9, 0x90, 0x0, 0x7, 0xff,
    0xfc, 0x0, 0x3, 0xff, 0x82,

    /* U+004D "M" */
    0x5b, 0xff, 0xff, 0xfa, 0x14, 0x0, 0x3, 0xff,
    0x8b, 0x5d, 0xff, 0xff, 0xf1, 0xb8, 0x0, 0x7,
    0xe6, 0x30, 0x40, 0x0, 0xf, 0xfe, 0x18, 0xc2,
    0xa8, 0x0, 0x7, 0xff, 0x10, 0x65, 0x2c, 0x0,
    0x3, 0xff, 0x86, 0xde, 0x8, 0x0, 0x1, 0xff,
    0xc5, 0xfb, 0x0, 0x0, 0xff, 0xe1, 0x0, 0xd6,
    0x0, 0x0, 0x7f, 0xf1, 0x92, 0x7, 0x0, 0x0,
    0x3f, 0xf8, 0x28, 0x24, 0x80, 0x0, 0x1f, 0xfc,
    0x60, 0x36, 0x10, 0x0, 0xf, 0xfe, 0xf, 0x28,
    0x0, 0x7, 0xff, 0x22, 0x74, 0x8, 0x0, 0x3,
    0xfe, 0x12, 0x52, 0x0, 0x0, 0xff, 0xe4, 0xf,
    0xa2, 0x80, 0x0, 0x7f, 0xcf, 0x81, 0x0, 0x0,
    0x1f, 0xfc, 0x9e, 0xc0, 0x0, 0xf, 0xfa, 0xf0,
    0x0, 0x3, 0xff, 0x94, 0xa2, 0x2c, 0x0, 0x1,
    0xfc, 0x6e, 0x5a, 0x0, 0x1, 0xff, 0xc5, 0x22,
    0x0, 0x0, 0xc0, 0xac, 0x60, 0x0, 0x1f, 0xd5,
    0x60, 0x0, 0x18, 0x4, 0x84, 0x0, 0x3, 0xff,
    0x80, 0xa6, 0x40, 0x0, 0x1, 0xab, 0x0, 0x0,
    0x3f, 0x6, 0xb7, 0x80, 0x0, 0x64, 0x66, 0xd0,
    0x0, 0xf, 0xfe, 0x0, 0x2d, 0x28, 0x0, 0x6,
    0x26, 0x3e, 0x0, 0x0, 0xf9, 0xa0, 0x30, 0x0,
    0x3, 0x75, 0x0, 0x0, 0x7f, 0xf0, 0x98, 0xc1,
    0x0, 0x0, 0x34, 0xe8, 0x0, 0x7, 0xd5, 0xe0,
    0x0, 0x18, 0x61, 0x58, 0x0, 0x3, 0xff, 0x84,
    0x32, 0xac, 0x0, 0x1, 0x95, 0x4, 0x40, 0x0,
    0x38, 0xb8, 0xd4, 0x0, 0x3, 0x31, 0x2, 0x0,
    0x0, 0x7f, 0xf0, 0xfa, 0xc0, 0x0, 0x30, 0x43,
    0xe0, 0x0, 0x7, 0x5e, 0x80, 0x0, 0x60, 0x1a,
    0x40, 0x0, 0xf, 0xfe, 0x22, 0x39, 0x8, 0x0,
    0x6, 0xbf, 0x0, 0x0, 0xc1, 0xf, 0x80, 0x0,
    0x19, 0x18, 0x84, 0x0, 0x3, 0xff, 0x88, 0x3,
    0x4e, 0x0, 0x1, 0x8b, 0x4d, 0x80, 0x0, 0x25,
    0x41, 0x0, 0x0, 0xd, 0xd2, 0x0, 0x1, 0xff,
    0xc6, 0x6e, 0x5, 0x0, 0x0, 0xd5, 0xa0, 0x0,
    0x14, 0xe8, 0x0, 0x6, 0x19, 0x55, 0x0, 0x0,
    0xff, 0xe3, 0xb, 0xab, 0x0, 0x0, 0x66, 0x80,
    0xc0, 0x2, 0x63, 0xe0, 0x0, 0xc, 0xc4, 0x8,
    0x0, 0x1, 0xff, 0xc7, 0xe9, 0x0, 0x0, 0xc1,
    0x8d, 0x0, 0x15, 0x80, 0x0, 0x18, 0xa, 0x90,
    0x0, 0x3, 0xff, 0x90, 0x88, 0x46, 0x0, 0x1,
    0xab, 0x41, 0x58, 0xc0, 0x0, 0x32, 0x51, 0x0,
    0x0, 0x7, 0xff, 0x20, 0x6, 0xac, 0x0, 0x3,
    0x1b, 0x40, 0xb, 0x0, 0x0, 0x6e, 0x60, 0x0,
    0xf, 0xfe, 0x53, 0x0, 0x28, 0x0, 0x6, 0x7a,
    0x0, 0x0, 0xc3, 0x2a, 0xa0, 0x0, 0x1f, 0xfc,
    0xa1, 0x75, 0x0, 0x0, 0xf, 0xe6, 0x20, 0x40,
    0x0, 0xf, 0xfe, 0x5f, 0x48, 0x0, 0x7, 0xe0,
    0x2a, 0x40, 0x0, 0xf, 0xfe, 0x62, 0x11, 0x20,
    0x0, 0x7, 0xc9, 0x44, 0x0, 0x0, 0x1f, 0xfc,
    0xc0, 0x1a, 0xd0, 0x0, 0xf, 0xb9, 0xc0, 0x0,
    0x3f, 0xf9, 0xcc, 0x60, 0xc0, 0x0, 0x1c, 0x32,
    0xa8, 0x0, 0x1, 0xff, 0xce, 0x15, 0x50, 0x0,
    0x0, 0xe6, 0x50, 0x40, 0x0, 0xf, 0xfe, 0x7f,
    0x58, 0x0, 0x6, 0x2, 0xa3, 0x0, 0x0, 0xff,
    0xe8, 0x21, 0x92, 0x80, 0x0, 0x49, 0x64, 0x0,
    0x0, 0x1f, 0xfc, 0x20,

    /* U+004E "N" */
    0x5b, 0xff, 0xff, 0xe8, 0x50, 0x0, 0xf, 0xfe,
    0x16, 0xbf, 0xff, 0xff, 0x41, 0x80, 0x0, 0x79,
    0xe0, 0xf8, 0x0, 0x3, 0xff, 0x9c, 0x5, 0xbe,
    0x20, 0x0, 0x1, 0xff, 0xce, 0x1e, 0xb8, 0x0,
    0x0, 0xff, 0xe7, 0xab, 0xae, 0x80, 0x0, 0x7f,
    0xf3, 0xeb, 0xc8, 0x40, 0x0, 0x3f, 0xf9, 0xc1,
    0xbc, 0xe0, 0x60, 0x0, 0x1f, 0xfc, 0xe3, 0x97,
    0xc0, 0x0, 0xf, 0xfe, 0x7c, 0x19, 0xc8, 0x0,
    0x7, 0xff, 0x38, 0xf, 0x9c, 0x34, 0x0, 0x3,
    0xff, 0x9c, 0x43, 0x58, 0x0, 0x1, 0xff, 0xc8,
    0x3, 0x7f, 0x0, 0x0, 0xe5, 0xe5, 0x80, 0x0,
    0xf, 0xfe, 0x38, 0x3c, 0x19, 0xd0, 0x0, 0x7,
    0x5b, 0x8f, 0x0, 0x0, 0x7f, 0xf1, 0xc0, 0xf9,
    0x3, 0x40, 0x0, 0x30, 0x86, 0xf8, 0x10, 0x0,
    0x7, 0xff, 0x1c, 0x86, 0xb0, 0x0, 0x3, 0x8f,
    0x9e, 0x80, 0x0, 0x3f, 0xf9, 0xb, 0xca, 0xc0,
    0x0, 0x1d, 0x4, 0x68, 0x0, 0x1, 0xff, 0xc8,
    0xb8, 0x1c, 0x0, 0x0, 0xc0, 0xbd, 0xa1, 0x60,
    0x0, 0x1f, 0xfc, 0x71, 0x1a, 0x20, 0x20, 0x0,
    0xc, 0x4d, 0x22, 0x0, 0x1, 0xff, 0xc8, 0x41,
    0x77, 0x0, 0x0, 0xe6, 0x55, 0x10, 0x0, 0xf,
    0xfe, 0x44, 0x61, 0x88, 0x0, 0x7, 0x5e, 0x8d,
    0x0, 0x0, 0x7f, 0xf1, 0xc1, 0xb9, 0xc2, 0x40,
    0x0, 0x30, 0x9d, 0x8, 0x48, 0x0, 0x7, 0xff,
    0x1c, 0xa6, 0x70, 0x0, 0x3, 0x91, 0x8, 0x40,
    0x0, 0x3f, 0xf9, 0xd, 0x49, 0x60, 0x0, 0x1f,
    0xfc, 0xfa, 0x21, 0x60, 0x0, 0xf, 0xfe, 0x70,
    0xb5, 0x10, 0x0, 0x7, 0xff, 0x3d, 0x2d, 0xa8,
    0x0, 0x3, 0xff, 0x9f, 0x38, 0x50, 0x0, 0x1,
    0xff, 0xce, 0x9, 0xe6, 0x6, 0x0, 0x0, 0xff,
    0xe7, 0x18, 0xc7, 0x80, 0x0, 0x7f, 0xf3, 0xdd,
    0x10, 0x0, 0x0, 0x3f, 0xf9, 0xc0, 0x54, 0x42,
    0x0, 0x0, 0x1f, 0xfc, 0xe1, 0xdb, 0x80, 0x0,
    0xf, 0x0,

    /* U+004F "O" */
    0x0, 0x0, 0xff, 0xe0, 0x14, 0xa4, 0x2f, 0x3a,
    0xb9, 0x2d, 0xa2, 0x91, 0x0, 0x0, 0x7f, 0xf2,
    0x52, 0x26, 0xf9, 0x35, 0xad, 0xe8, 0x62, 0xa3,
    0x69, 0x2e, 0xb7, 0x76, 0xe4, 0x8e, 0x40, 0x0,
    0x3f, 0xf8, 0x87, 0xb8, 0xb6, 0xec, 0x83, 0x60,
    0x0, 0x1f, 0x89, 0x1b, 0x71, 0xac, 0x8b, 0x40,
    0x0, 0x3f, 0xf8, 0x0, 0x51, 0xb8, 0x47, 0x40,
    0x0, 0x1f, 0xfc, 0x24, 0xdd, 0x6, 0xf0, 0x0,
    0xf, 0xf0, 0x4d, 0x63, 0x90, 0x0, 0x7, 0xff,
    0x14, 0xa, 0x42, 0x4c, 0x8, 0x0, 0x3, 0xf5,
    0x7a, 0x88, 0x0, 0x7, 0xff, 0x21, 0xb2, 0x4,
    0x0, 0x3, 0xe6, 0x35, 0x90, 0x0, 0xf, 0x8d,
    0xa5, 0x75, 0x3b, 0xfb, 0x33, 0xe2, 0x4a, 0x40,
    0x0, 0x3e, 0x7e, 0x43, 0x0, 0x0, 0xe1, 0xa9,
    0x50, 0x0, 0xf, 0x6, 0x4f, 0x64, 0xb5, 0x15,
    0x88, 0x9, 0x98, 0x3b, 0x69, 0x43, 0x81, 0x80,
    0x0, 0x70, 0x15, 0x28, 0x40, 0x0, 0x6, 0x90,
    0x9, 0x0, 0x0, 0xe0, 0x9b, 0x36, 0x10, 0x0,
    0xf, 0x81, 0x1e, 0x29, 0xc0, 0x80, 0x0, 0x38,
    0x65, 0xbc, 0x0, 0x2, 0xe, 0x7b, 0x0, 0x0,
    0xf4, 0xea, 0x0, 0x0, 0x7, 0xf9, 0x6d, 0xcc,
    0x0, 0x3, 0xd7, 0x80, 0x40, 0x0, 0x6, 0xe0,
    0xe0, 0x0, 0xe, 0x30, 0x69, 0x0, 0x0, 0xff,
    0xe0, 0x41, 0xb, 0x0, 0x0, 0x71, 0x21, 0xe8,
    0x0, 0x3, 0x0, 0x0, 0x3, 0xd5, 0x60, 0x40,
    0x0, 0x1f, 0xfc, 0x0, 0xc6, 0x0, 0x0, 0xf,
    0x20, 0x80, 0x0, 0x1f, 0xc0, 0x0, 0x38, 0x15,
    0xa4, 0x0, 0x3, 0xff, 0x85, 0x48, 0x0, 0x1,
    0xec, 0x30, 0x1, 0x52, 0x0, 0x0, 0xe, 0x37,
    0xd, 0x0, 0x0, 0xff, 0xe1, 0x16, 0x7, 0x0,
    0x0, 0x72, 0x48, 0x1, 0xc8, 0x0, 0x7, 0x95,
    0x80, 0x0, 0x3f, 0xf8, 0x60, 0x26, 0x0, 0x0,
    0x1c, 0x16, 0x14, 0x26, 0x0, 0x1, 0xe1, 0x80,
    0x0, 0xf, 0xfe, 0x23, 0x40, 0x0, 0x7, 0x85,
    0x1b, 0x40, 0x0, 0x3d, 0xe0, 0x0, 0x1, 0xff,
    0xc4, 0x31, 0x0, 0x0, 0xf1, 0x78, 0x8, 0x0,
    0x7, 0xff, 0x48, 0xc, 0x4c, 0x0, 0x3, 0xde,
    0x0, 0x0, 0x1f, 0xfc, 0x43, 0x10, 0x0, 0xf,
    0x16, 0x36, 0x80, 0x0, 0x78, 0x64, 0x0, 0x3,
    0xff, 0x88, 0xd2, 0x0, 0x1, 0xe1, 0x53, 0xa0,
    0x0, 0xf, 0x2b, 0x0, 0x0, 0x7f, 0xf0, 0xc0,
    0x4c, 0x0, 0x0, 0x38, 0x28, 0x2c, 0x5c, 0x78,
    0x0, 0x3, 0x8d, 0x83, 0x0, 0x0, 0x3f, 0xf8,
    0x45, 0x41, 0xe0, 0x0, 0x1c, 0x94, 0x0, 0x0,
    0x43, 0x0, 0x0, 0xe0, 0x56, 0xd0, 0x0, 0xf,
    0xfe, 0x15, 0x60, 0x0, 0x7, 0x8f, 0xc0, 0x0,
    0x18, 0x0, 0x0, 0x1e, 0xac, 0x2, 0x0, 0x0,
    0xff, 0xe0, 0x6, 0x37, 0x80, 0x0, 0x7b, 0x4,
    0x0, 0x0, 0xda, 0x1a, 0x0, 0x1, 0xc6, 0x4d,
    0x60, 0x0, 0x1f, 0xfc, 0x8, 0x21, 0x70, 0x0,
    0xe, 0x22, 0x42, 0x0, 0x0, 0x7, 0xbf, 0x0,
    0x0, 0x7a, 0x70, 0xfc, 0x0, 0x3, 0xfc, 0xb8,
    0xe6, 0x0, 0x1, 0xeb, 0x40, 0x30, 0x0, 0xa,
    0x40, 0x20, 0x0, 0x3, 0x82, 0xb3, 0x18, 0x80,
    0x40, 0x0, 0x3c, 0xa, 0xf5, 0x40, 0x4, 0x0,
    0x1, 0xc3, 0xc, 0x0, 0x0, 0x18, 0x72, 0x40,
    0x0, 0x3, 0xc1, 0x93, 0xb9, 0xad, 0xc6, 0x22,
    0xe3, 0x46, 0xcf, 0x5b, 0x90, 0xa0, 0x60, 0x0,
    0x1c, 0x3, 0x42, 0x12, 0x0, 0x1, 0xcc, 0xea,
    0xe0, 0x0, 0x1f, 0x19, 0xc8, 0xe7, 0x74, 0x72,
    0xe4, 0xc2, 0x93, 0x0, 0x0, 0x7c, 0xf6, 0x8c,
    0x0, 0x1, 0xf5, 0x12, 0x70, 0x0, 0x7, 0xff,
    0x21, 0xa6, 0x18, 0x0, 0x3, 0xf0, 0x55, 0x9b,
    0x70, 0x0, 0x7, 0xff, 0x14, 0xa, 0x32, 0x58,
    0xc, 0x0, 0x3, 0xf8, 0xa, 0x46, 0xfc, 0xdc,
    0x0, 0x3, 0xff, 0x84, 0x93, 0xa4, 0xe6, 0x0,
    0x1, 0xff, 0xc1, 0x40, 0xc8, 0xb5, 0x61, 0x19,
    0x0, 0x0, 0xfc, 0x44, 0xd5, 0x89, 0x6c, 0x5e,
    0x0, 0x1, 0xff, 0xc4, 0x4a, 0x9e, 0xe6, 0xd4,
    0xb5, 0x9f, 0x89, 0x8c, 0xa2, 0xb8, 0xdb, 0xdd,
    0x95, 0x3b, 0x0, 0x0, 0xfe,

    /* U+0050 "P" */
    0x5b, 0xff, 0xff, 0xff, 0xe0, 0x7e, 0xf4, 0xe9,
    0xcf, 0x2c, 0x5, 0x0, 0x0, 0x7f, 0xf1, 0xc0,
    0x85, 0x8b, 0x18, 0x69, 0xf8, 0x9c, 0x40, 0xc0,
    0x0, 0x3f, 0xf9, 0x42, 0xf1, 0xd7, 0xe2, 0x60,
    0x0, 0x1f, 0xfc, 0xb4, 0x3d, 0xc0, 0xa0, 0x0,
    0xf, 0xfe, 0x59, 0x85, 0x48, 0x0, 0x7, 0xf4,
    0x7e, 0x26, 0x25, 0x87, 0x4f, 0x2, 0x80, 0x0,
    0x1, 0xf2, 0xe1, 0xa8, 0x0, 0x7, 0xe3, 0x33,
    0xb3, 0xb8, 0xf1, 0x61, 0xfa, 0xfe, 0xb4, 0x58,
    0x0, 0x3, 0xd3, 0x40, 0x0, 0x1f, 0xfc, 0x45,
    0x2a, 0x70, 0x0, 0xf, 0x2d, 0x4, 0x0, 0x0,
    0x7f, 0xf1, 0x13, 0x92, 0x80, 0x0, 0x38, 0x29,
    0x28, 0x0, 0x3, 0xff, 0x8b, 0x9a, 0x0, 0x1,
    0xe2, 0x30, 0x0, 0xf, 0xfe, 0x29, 0xa8, 0x0,
    0x7, 0x86, 0x40, 0x0, 0x3f, 0xf8, 0xa0, 0x20,
    0x0, 0x1e, 0xf, 0x0, 0x0, 0xff, 0xe2, 0x9d,
    0x0, 0x0, 0x78, 0x5c, 0x0, 0x3, 0xff, 0x8b,
    0xb2, 0x0, 0x1, 0xe5, 0xf0, 0x0, 0xf, 0xfe,
    0x22, 0x32, 0x80, 0x0, 0x7, 0x6, 0x1c, 0x80,
    0x0, 0x7f, 0xf0, 0xd0, 0xe8, 0x80, 0x0, 0x3c,
    0xb6, 0xc, 0x0, 0x1, 0xf1, 0x39, 0x59, 0x5c,
    0x5a, 0x90, 0xdd, 0x61, 0x78, 0x36, 0x0, 0x1,
    0xc0, 0x50, 0x60, 0x0, 0x1f, 0xa6, 0xf5, 0x35,
    0x2d, 0x2b, 0x79, 0x14, 0xf0, 0x0, 0xf, 0x9b,
    0x8a, 0xc0, 0x0, 0x3f, 0xf9, 0x48, 0x32, 0xc0,
    0x0, 0x1f, 0xfc, 0xa5, 0x9b, 0x50, 0x50, 0x0,
    0xf, 0xfe, 0x41, 0x35, 0x25, 0x30, 0x58, 0x0,
    0x7, 0xff, 0x10, 0x18, 0x6c, 0xd1, 0xc2, 0xdf,
    0x69, 0x6c, 0x0, 0x3, 0xff, 0x81, 0x79, 0xff,
    0xff, 0xdf, 0x3c, 0x99, 0x71, 0xe9, 0x0, 0x60,
    0x0, 0x1f, 0xff, 0xf0, 0x0, 0xf, 0xff, 0xf8,
    0x0, 0x7, 0xff, 0xfc, 0x0, 0x3, 0xc0,

    /* U+0051 "Q" */
    0x0, 0x0, 0xff, 0xe0, 0x14, 0xa4, 0x2f, 0x3a,
    0xb9, 0x2d, 0xa2, 0x91, 0x0, 0x0, 0x7f, 0xf2,
    0x52, 0x26, 0xf9, 0x35, 0xad, 0xe8, 0x62, 0xa3,
    0x69, 0x2e, 0xb7, 0x76, 0xa4, 0xe, 0x0, 0x0,
    0x3f, 0xf8, 0x87, 0x98, 0xb6, 0xec, 0x83, 0x60,
    0x0, 0x1f, 0x89, 0x5b, 0xf1, 0xec, 0xa, 0x80,
    0x0, 0x3f, 0xf8, 0x0, 0x51, 0x98, 0x67, 0x40,
    0x0, 0x1f, 0xfc, 0x24, 0xfd, 0x66, 0xb0, 0x0,
    0xf, 0xf0, 0x4d, 0x7b, 0x98, 0x0, 0x7, 0xff,
    0x14, 0xe, 0x52, 0x38, 0x8, 0x0, 0x3, 0xf5,
    0x62, 0x90, 0x0, 0x7, 0xf0, 0x18, 0x8, 0x0,
    0x7, 0xf3, 0x8b, 0xe0, 0x0, 0x7, 0xcc, 0x6b,
    0x40, 0x0, 0x1f, 0x22, 0x52, 0x71, 0xff, 0xfd,
    0xef, 0x4c, 0x1a, 0x0, 0x0, 0x7d, 0x4, 0x7c,
    0x0, 0x1, 0xc3, 0x52, 0xc0, 0x0, 0x1e, 0x10,
    0xab, 0xbb, 0x5b, 0x1c, 0x3, 0x5, 0x21, 0x67,
    0xca, 0x93, 0x5, 0x0, 0x0, 0xe0, 0x3d, 0xc0,
    0x60, 0x0, 0xd, 0x26, 0x14, 0x0, 0x1, 0xc1,
    0x9a, 0xea, 0x80, 0x0, 0x1f, 0x0, 0xb6, 0x57,
    0x1, 0x80, 0x0, 0x70, 0xeb, 0x20, 0x0, 0x4,
    0x1c, 0xf2, 0x0, 0x1, 0xe9, 0x63, 0x80, 0x0,
    0xf, 0xf2, 0xa3, 0xb0, 0x0, 0x7, 0xad, 0x0,
    0x40, 0x0, 0xd, 0xc1, 0xe0, 0x0, 0x1c, 0x66,
    0xc8, 0x0, 0x1, 0xff, 0xc0, 0x81, 0x18, 0x0,
    0x0, 0xe2, 0x93, 0xb0, 0x0, 0x6, 0x0, 0x0,
    0x7, 0xab, 0x40, 0x40, 0x0, 0x3f, 0xf8, 0x1,
    0x6c, 0x0, 0x0, 0x1e, 0x43, 0x0, 0x0, 0x3f,
    0x80, 0x0, 0x70, 0x2b, 0x68, 0x0, 0x7, 0xff,
    0xa, 0xac, 0x0, 0x3, 0xd8, 0x20, 0x2, 0xa4,
    0x0, 0x0, 0x1c, 0x6e, 0x18, 0x0, 0x1, 0xff,
    0xc2, 0x2d, 0xe, 0x0, 0x0, 0xe5, 0x70, 0x3,
    0x90, 0x0, 0xf, 0x2b, 0x0, 0x0, 0x7f, 0xf0,
    0xc0, 0x4c, 0x40, 0x0, 0x38, 0x40, 0x18, 0x4c,
    0x0, 0x3, 0xc3, 0x0, 0x0, 0x1f, 0xfc, 0x46,
    0x90, 0x0, 0xf, 0xf, 0xb6, 0x80, 0x0, 0x7b,
    0xc0, 0x0, 0x3, 0xff, 0x88, 0x62, 0x0, 0x1,
    0xe3, 0x40, 0x10, 0x0, 0xf, 0xfe, 0x98, 0x98,
    0x0, 0x7, 0xbc, 0x0, 0x0, 0x3f, 0xf8, 0x86,
    0x40, 0x0, 0x1e, 0x35, 0x6d, 0x0, 0x0, 0xf0,
    0xc8, 0x0, 0x7, 0xff, 0x11, 0x88, 0x0, 0x3,
    0x80, 0x47, 0xe, 0x80, 0x0, 0x3c, 0xac, 0x0,
    0x1, 0xff, 0xc3, 0x7, 0x31, 0x0, 0x0, 0xe1,
    0x30, 0x41, 0x71, 0xd0, 0x0, 0xe, 0x36, 0xb,
    0x0, 0x0, 0xff, 0xe1, 0x26, 0x83, 0x0, 0x0,
    0x71, 0x68, 0x0, 0x1, 0x18, 0x0, 0x3, 0x81,
    0x5a, 0xc0, 0x0, 0x38, 0x36, 0x1a, 0x1e, 0x1f,
    0x3d, 0x81, 0x0, 0x7e, 0x0, 0x0, 0x7a, 0xe4,
    0x0, 0x1, 0x80, 0x0, 0x1, 0xea, 0xb0, 0x10,
    0x0, 0xc, 0x1a, 0x26, 0xf0, 0xf1, 0xa1, 0x1e,
    0xd2, 0x52, 0x40, 0x0, 0x1e, 0x4a, 0x0, 0x0,
    0x3a, 0x85, 0x80, 0x0, 0x71, 0xa3, 0x38, 0x0,
    0x7, 0x4c, 0x90, 0x0, 0x0, 0x68, 0x2a, 0x20,
    0x0, 0xf, 0xe, 0x19, 0x0, 0x0, 0x4, 0x59,
    0x40, 0x0, 0x3d, 0x24, 0x74, 0x0, 0x1, 0x83,
    0x27, 0x0, 0x40, 0x0, 0x20, 0x41, 0x40, 0x0,
    0xf, 0x43, 0x0, 0x80, 0x0, 0x56, 0x20, 0xc0,
    0x0, 0x1c, 0x17, 0x96, 0xb0, 0x0, 0x1, 0x90,
    0xd9, 0x80, 0x0, 0x3f, 0xc4, 0xec, 0x20, 0x0,
    0x18, 0x82, 0x5c, 0x0, 0x3, 0xc1, 0xd4, 0xf8,
    0x2c, 0x4, 0x41, 0x1, 0xfb, 0x1, 0x0, 0x0,
    0x1f, 0x80, 0xa4, 0x81, 0x0, 0x0, 0x39, 0xb9,
    0x44, 0x0, 0x3, 0xe3, 0xe9, 0xfd, 0xdf, 0x7f,
    0xb, 0xf0, 0x80, 0x0, 0xf, 0xd2, 0xe9, 0x40,
    0x0, 0x1f, 0x51, 0xa3, 0x80, 0x0, 0x7f, 0xf2,
    0x1f, 0x5a, 0x80, 0x0, 0x3f, 0x6, 0xde, 0x34,
    0x0, 0x0, 0x7f, 0xf1, 0xc3, 0x40, 0x0, 0x3f,
    0xc0, 0x92, 0xf7, 0x26, 0x60, 0x0, 0x1f, 0xfc,
    0x57, 0x23, 0xa0, 0x0, 0xf, 0xf9, 0x1b, 0x36,
    0xc5, 0x7c, 0x60, 0x0, 0x3, 0xf1, 0x9, 0x90,
    0x0, 0x6, 0x2, 0xe2, 0x8, 0x0, 0x0, 0xff,
    0x80, 0x53, 0xa8, 0x39, 0xb4, 0xad, 0x27, 0xe2,
    0x62, 0xa7, 0x6c, 0x78, 0x77, 0xb0, 0x7, 0x80,
    0x0, 0x31, 0x3c, 0x78, 0x0, 0x7, 0xff, 0x8,
    0x4, 0xb5, 0x2d, 0x81, 0xd9, 0xd5, 0x89, 0x38,
    0x78, 0x0, 0x36, 0x90, 0x0, 0x3, 0x9e, 0xcc,
    0xc0, 0x0, 0x3f, 0xf9, 0x88, 0xac, 0xc0, 0x0,
    0x18, 0xf, 0x84, 0x14, 0x0,

    /* U+0052 "R" */
    0x5b, 0xff, 0xff, 0xff, 0xe0, 0x7f, 0x77, 0xee,
    0x5e, 0xc0, 0x9f, 0x0, 0x0, 0x7f, 0xf2, 0x40,
    0x44, 0x8, 0xd0, 0x9f, 0xb0, 0x74, 0x55, 0x40,
    0x0, 0x3f, 0xf9, 0xa5, 0xd5, 0x54, 0x1, 0x20,
    0x0, 0x1f, 0xfc, 0xd5, 0xfa, 0x40, 0x20, 0x0,
    0xf, 0xfe, 0x6a, 0x93, 0xa8, 0x0, 0x7, 0xfa,
    0x6f, 0x53, 0x53, 0x69, 0xdd, 0x47, 0x1c, 0x0,
    0x0, 0x7d, 0xe, 0x22, 0x0, 0x1, 0xfc, 0x4e,
    0x56, 0x57, 0x8b, 0x11, 0x5c, 0x71, 0x63, 0xc0,
    0x0, 0x3c, 0x1e, 0xfc, 0x0, 0x1, 0xff, 0xc5,
    0x2, 0x70, 0x5f, 0x0, 0x0, 0xf6, 0xc8, 0x0,
    0x7, 0xff, 0x1e, 0xe4, 0x0, 0x3, 0xcb, 0x40,
    0x0, 0x1f, 0xfc, 0x71, 0x91, 0x80, 0x0, 0xe,
    0x12, 0x4, 0x0, 0x0, 0xff, 0xe3, 0x92, 0x0,
    0x0, 0x70, 0x8, 0xa0, 0x0, 0x7, 0xff, 0x1c,
    0x78, 0x0, 0x3, 0x82, 0x84, 0x0, 0x0, 0x3f,
    0xf8, 0xc1, 0x24, 0x0, 0x0, 0x1c, 0x40, 0x0,
    0x1, 0xff, 0xc7, 0x7e, 0x2, 0x0, 0x0, 0xe7,
    0xe0, 0x0, 0xf, 0xfe, 0x31, 0xb4, 0x10, 0x0,
    0x7, 0xb8, 0xc0, 0x0, 0x3f, 0xf8, 0x62, 0xa7,
    0xf1, 0xf9, 0x41, 0x40, 0x0, 0x1c, 0x48, 0x92,
    0x0, 0x1, 0xfd, 0x79, 0xff, 0xff, 0xdd, 0x58,
    0xe, 0x0, 0x60, 0x0, 0x1c, 0x5, 0x2a, 0x2,
    0x0, 0x1, 0xff, 0xcc, 0x88, 0x4e, 0x0, 0x0,
    0xff, 0xe5, 0x84, 0x43, 0x3a, 0x80, 0x0, 0x7f,
    0xf2, 0xd0, 0x35, 0x5e, 0x40, 0x0, 0x3f, 0xf8,
    0x4, 0xc6, 0x86, 0x98, 0x84, 0x0, 0x3, 0xc1,
    0x84, 0x40, 0x0, 0x1f, 0xfc, 0x19, 0xac, 0xbc,
    0xbe, 0xc, 0x0, 0x0, 0xe4, 0xc4, 0x0, 0x0,
    0xf, 0xfe, 0x30, 0xab, 0x88, 0x0, 0x7, 0xa2,
    0xc0, 0x40, 0x0, 0x3f, 0xf8, 0xd1, 0x82, 0x60,
    0x0, 0x1c, 0x68, 0xb0, 0x0, 0x1, 0xff, 0xc6,
    0xe, 0x98, 0x0, 0x0, 0xf4, 0x30, 0x30, 0x0,
    0x7, 0xff, 0x19, 0xf0, 0x6c, 0x0, 0x3, 0x88,
    0x1d, 0x0, 0x0, 0x3f, 0xf8, 0xc1, 0x10, 0x40,
    0x0, 0x1e, 0x9f, 0x10, 0x0, 0x0, 0xff, 0xe3,
    0x31, 0x12, 0x0, 0x0, 0x70, 0x94, 0xd8, 0x0,
    0x7, 0xff, 0x18, 0x12, 0xc, 0x0, 0x3, 0xce,
    0x63, 0xe0, 0x0, 0x1f, 0xfc, 0x65, 0x93, 0x0,
    0x0, 0xe, 0x7, 0xbb, 0x0, 0x0, 0xff, 0xe3,
    0x0, 0xc2, 0x80, 0x0, 0x79, 0x68, 0xc8, 0x0,
    0x3, 0xff, 0x8c, 0x94, 0x78, 0x0, 0x1, 0xc0,
    0x31, 0xe0, 0x0,

    /* U+0053 "S" */
    0x0, 0x0, 0xfe, 0xd, 0x42, 0x5e, 0x70, 0x7a,
    0x6a, 0x59, 0x30, 0x4, 0x0, 0x0, 0xff, 0xe1,
    0x7, 0xb6, 0xe6, 0xf8, 0x5e, 0xd0, 0xc7, 0xc2,
    0xca, 0xd3, 0x67, 0xf8, 0xda, 0xa8, 0x2, 0x0,
    0x0, 0x7f, 0x0, 0xb5, 0x7e, 0xc9, 0x19, 0x1,
    0x0, 0x0, 0x7c, 0x14, 0x95, 0x5f, 0xb8, 0x7a,
    0x0, 0x1, 0xf0, 0x45, 0xbc, 0xa8, 0x68, 0x0,
    0x7, 0xff, 0x4, 0x9f, 0xd, 0xc4, 0x0, 0x3,
    0x80, 0xec, 0x92, 0x40, 0x0, 0x3f, 0xf8, 0x80,
    0x31, 0xcc, 0xe0, 0x0, 0x19, 0xc1, 0x14, 0x0,
    0x3, 0xe0, 0xe2, 0xe3, 0xe1, 0xf0, 0x20, 0x0,
    0xf, 0xa4, 0x88, 0x0, 0x0, 0x1, 0xd0, 0xe0,
    0x0, 0x1e, 0x41, 0xbd, 0xf1, 0xd1, 0xc1, 0xe0,
    0xf0, 0x8b, 0x17, 0x0, 0x0, 0xe0, 0xab, 0xe0,
    0x0, 0x3, 0x78, 0x58, 0x0, 0x7, 0x27, 0xde,
    0xa1, 0x0, 0x0, 0x60, 0xd7, 0x4c, 0xa1, 0x70,
    0x0, 0xe, 0x6e, 0x7, 0x0, 0xc7, 0x0, 0x0,
    0xf5, 0x60, 0x18, 0x0, 0x7, 0xc4, 0x54, 0xc0,
    0x0, 0x1c, 0x1e, 0x64, 0x0, 0xc8, 0x0, 0x1,
    0xc3, 0x63, 0x80, 0x0, 0x1f, 0xc9, 0x21, 0x60,
    0x0, 0x1c, 0xc2, 0x0, 0x26, 0x0, 0x1, 0xc3,
    0xc1, 0x20, 0x0, 0x1f, 0xc0, 0xfc, 0x9d, 0x9d,
    0x9c, 0xb8, 0x0, 0xdc, 0x0, 0x1, 0xc0, 0xb3,
    0x40, 0x0, 0x1f, 0xe1, 0x1, 0x31, 0x3e, 0x8,
    0x0, 0x2e, 0x0, 0x0, 0xf3, 0x65, 0xc9, 0xb0,
    0x0, 0x7, 0xff, 0x13, 0x48, 0x0, 0x3, 0xe4,
    0x6c, 0x9d, 0xd9, 0x25, 0x1, 0x90, 0x0, 0xf,
    0xfe, 0x2, 0x19, 0xb0, 0x0, 0x7, 0xe2, 0x26,
    0xda, 0xfe, 0x6e, 0x2a, 0xb6, 0xc2, 0x80, 0x0,
    0xf, 0xee, 0xf0, 0xe0, 0x0, 0xf, 0xf8, 0x75,
    0x52, 0x4f, 0x5f, 0x61, 0xdc, 0x44, 0x0, 0x3,
    0xc4, 0xd8, 0x83, 0x0, 0x0, 0x1f, 0xfc, 0x22,
    0x78, 0x8f, 0xf6, 0xc0, 0x0, 0xf, 0x1a, 0xf8,
    0x30, 0x81, 0x0, 0x0, 0x7f, 0xf0, 0x84, 0x64,
    0xe9, 0x40, 0xc0, 0x0, 0x38, 0x5e, 0x7b, 0x75,
    0xe8, 0xa8, 0x0, 0x3, 0xff, 0x84, 0xb5, 0x12,
    0x0, 0x1, 0xf1, 0x4, 0x2e, 0xaf, 0x2d, 0x3b,
    0x71, 0xa8, 0x28, 0x0, 0x7, 0xf9, 0xd8, 0x98,
    0x0, 0x3, 0xf8, 0x69, 0x62, 0x47, 0x2b, 0xce,
    0xed, 0xc4, 0x88, 0x0, 0x3, 0xe0, 0x3a, 0xa0,
    0x0, 0xf, 0xfe, 0x8, 0x4a, 0x24, 0x76, 0xf4,
    0xe8, 0x90, 0x0, 0x7, 0x90, 0x0, 0x0, 0x3f,
    0xf8, 0x80, 0x6c, 0x5a, 0x60, 0x60, 0x0, 0x1c,
    0x4a, 0x18, 0x2e, 0x2f, 0xc2, 0x80, 0x0, 0x1f,
    0xf1, 0xf1, 0x90, 0x0, 0x7, 0xe, 0x3a, 0x74,
    0x74, 0x77, 0x70, 0xa8, 0x0, 0x7, 0xfc, 0xe2,
    0x0, 0x1, 0xc5, 0x5, 0xc0, 0x0, 0x1c, 0xa,
    0xc6, 0x0, 0x1, 0xfe, 0xa, 0x48, 0x0, 0x0,
    0xe6, 0x34, 0xc0, 0x20, 0x0, 0xe, 0x8d, 0x58,
    0x0, 0x0, 0xfc, 0x9, 0x70, 0x10, 0x0, 0x1,
    0xd9, 0xe3, 0x48, 0xa0, 0x0, 0x1c, 0x9, 0x4b,
    0x56, 0x76, 0x2, 0x0, 0x1, 0x2, 0x2b, 0xe4,
    0x26, 0x80, 0x0, 0x70, 0x3b, 0x50, 0x4, 0x58,
    0x20, 0x0, 0x7, 0x1, 0x2a, 0x62, 0x7b, 0x6b,
    0xe2, 0x6f, 0x7f, 0xd4, 0x19, 0x80, 0x0, 0x7a,
    0x18, 0x6c, 0x0, 0xce, 0x4, 0x0, 0x3, 0xf0,
    0x41, 0x41, 0xd9, 0x8, 0x20, 0x0, 0x7, 0xc8,
    0xf, 0x0, 0x0, 0x13, 0xd4, 0x28, 0x0, 0x7,
    0xff, 0x19, 0x1e, 0xd4, 0x18, 0x0, 0x3, 0x3d,
    0x60, 0x15, 0x0, 0x0, 0x7f, 0xf0, 0x84, 0x26,
    0x2e, 0x42, 0x80, 0x0, 0x3c, 0x7f, 0xa3, 0x66,
    0xa6, 0x1a, 0x0, 0x1, 0xf8, 0x1c, 0xfa, 0x77,
    0x91, 0x9c, 0x4, 0x0, 0x3, 0xf0, 0x22, 0x65,
    0x67, 0x9e, 0xc5, 0x54, 0xc4, 0x4c, 0x34, 0xb5,
    0x36, 0x5f, 0xf6, 0xb, 0x10, 0x58, 0x0, 0x7,
    0x0,

    /* U+0054 "T" */
    0xef, 0xff, 0xff, 0xff, 0xe6, 0x3, 0x80, 0x0,
    0x7f, 0xff, 0xc0, 0x0, 0x3f, 0xfa, 0x30, 0x71,
    0x91, 0x9f, 0x87, 0x80, 0x0, 0x38, 0x4e, 0x32,
    0x33, 0xf8, 0x11, 0xb1, 0xcd, 0xcf, 0xf1, 0x30,
    0x0, 0x7, 0x1b, 0xb9, 0xb9, 0xff, 0x1, 0x80,
    0x0, 0x7f, 0xff, 0xc0, 0x0, 0x3f, 0xff, 0xe0,
    0x0, 0x1f, 0xff, 0xf0, 0x0, 0xf, 0xff, 0xf8,
    0x0, 0x7, 0xff, 0xfc, 0x0, 0x3, 0xff, 0xfe,
    0x0, 0x1, 0xff, 0xff, 0x0, 0x0, 0xff, 0xff,
    0x80, 0x0, 0x7f, 0xf9, 0x80,

    /* U+0055 "U" */
    0x5b, 0xff, 0xff, 0xf2, 0x18, 0x0, 0x7, 0xff,
    0x1, 0xbf, 0xff, 0xff, 0xc6, 0x60, 0x0, 0x1f,
    0xff, 0xf0, 0x0, 0xf, 0xff, 0xf8, 0x0, 0x7,
    0xff, 0xfc, 0x0, 0x3, 0xff, 0xfe, 0x0, 0x1,
    0xff, 0xff, 0x0, 0x0, 0xff, 0xff, 0x80, 0x0,
    0x7f, 0xff, 0xc0, 0x0, 0x3e, 0x1, 0x0, 0x0,
    0xf0, 0xa8, 0x0, 0x7, 0xff, 0x3, 0xb4, 0x0,
    0x3, 0xc0, 0x22, 0x40, 0x0, 0x1e, 0x28, 0x0,
    0x0, 0xff, 0xe0, 0x14, 0x80, 0x0, 0x78, 0xb1,
    0xe0, 0x0, 0x3, 0xda, 0xc0, 0x0, 0x1f, 0xfc,
    0x7, 0xe0, 0x0, 0xf, 0xc, 0x9e, 0x82, 0x80,
    0x0, 0x72, 0xf9, 0x18, 0x0, 0x7, 0xf9, 0x1c,
    0xa8, 0x0, 0x3, 0x88, 0xc1, 0xc3, 0x50, 0x0,
    0x0, 0x38, 0x22, 0x54, 0x0, 0x3, 0xf8, 0x1a,
    0x74, 0x0, 0x3, 0xca, 0x60, 0x0, 0xd, 0x90,
    0x0, 0xf, 0x24, 0xd9, 0xd, 0x0, 0x0, 0x78,
    0xaf, 0x30, 0x94, 0x0, 0x3, 0xd6, 0xc0, 0x0,
    0x6, 0x72, 0x70, 0x0, 0xf, 0x26, 0xfa, 0xca,
    0xb4, 0x9f, 0x21, 0xb7, 0xcf, 0xe9, 0x1a, 0x80,
    0x0, 0x79, 0x38, 0xe4, 0x0, 0x0, 0x9, 0x3c,
    0x4, 0x0, 0x1, 0xe1, 0x6, 0xa9, 0x6c, 0x1b,
    0xc9, 0x6, 0x0, 0x60, 0x0, 0xf, 0x6, 0xcb,
    0x80, 0x0, 0x64, 0x69, 0x40, 0x0, 0xf, 0xfe,
    0x38, 0x2d, 0xb9, 0x30, 0x0, 0x7, 0x34, 0xcb,
    0x84, 0x0, 0x0, 0x7f, 0xf1, 0x5, 0x2c, 0x11,
    0x40, 0x0, 0x3e, 0x68, 0xda, 0x3a, 0x0, 0x0,
    0xff, 0xe0, 0x80, 0xa8, 0x78, 0xa5, 0x0, 0x0,
    0x7f, 0x16, 0xe2, 0xe3, 0x2d, 0x8c, 0x0, 0x0,
    0x7e, 0x21, 0x69, 0xd6, 0xaf, 0x1a, 0x0, 0x0,
    0xff, 0xe0, 0x1c, 0xd2, 0x73, 0xec, 0x57, 0x4d,
    0xc4, 0x45, 0x4e, 0xd8, 0xf1, 0x6f, 0x4b, 0x14,
    0x0, 0x0, 0x7c,

    /* U+0056 "V" */
    0x39, 0xff, 0xff, 0xf8, 0xbc, 0x0, 0x3, 0xff,
    0x82, 0xe3, 0xff, 0xff, 0xec, 0x3, 0x81, 0xc0,
    0x0, 0xf, 0x2b, 0x0, 0x0, 0x7f, 0xf0, 0x72,
    0xc0, 0x0, 0x3d, 0x56, 0x2, 0xd8, 0x0, 0x1,
    0xeb, 0xa0, 0x0, 0xf, 0xfe, 0x0, 0x5a, 0x10,
    0x0, 0x7, 0x1, 0x39, 0x0, 0x5a, 0x80, 0x0,
    0x78, 0xfc, 0x44, 0x0, 0x3, 0xfe, 0x45, 0x7,
    0x0, 0x0, 0xe3, 0xd1, 0x90, 0x3, 0xb1, 0xc0,
    0x0, 0xe, 0x3, 0x46, 0x0, 0x0, 0xff, 0xb5,
    0x80, 0x0, 0x3d, 0x56, 0x0, 0x0, 0x1, 0x6c,
    0x0, 0x0, 0xf7, 0xb0, 0x0, 0x7, 0xfc, 0xf4,
    0x0, 0x1, 0xc0, 0x4e, 0x40, 0x0, 0x15, 0xa8,
    0x0, 0x7, 0x92, 0xc0, 0x40, 0x0, 0x3f, 0x8b,
    0x7, 0x40, 0x0, 0x38, 0xf0, 0x64, 0x0, 0x2,
    0x3b, 0x1c, 0x0, 0x0, 0xe1, 0x53, 0x40, 0x0,
    0xf, 0xe5, 0xa0, 0x0, 0xf, 0x55, 0x0, 0x0,
    0x60, 0x16, 0xc0, 0x0, 0xf, 0x25, 0x0, 0x0,
    0x7f, 0x5b, 0x0, 0x0, 0x70, 0x13, 0x90, 0x0,
    0x7, 0x5a, 0x80, 0x0, 0x7a, 0xd8, 0x0, 0x3,
    0xf0, 0x79, 0xd8, 0x0, 0x7, 0x1e, 0xc, 0x80,
    0x0, 0x71, 0xd8, 0xe0, 0x0, 0x7, 0x1b, 0x8a,
    0x80, 0x0, 0x7c, 0xb6, 0x8, 0x0, 0x1, 0xd5,
    0xa0, 0x0, 0x1e, 0x1, 0x73, 0x0, 0x0, 0xe0,
    0x14, 0x80, 0x0, 0xf, 0xb2, 0x80, 0x0, 0x38,
    0x9, 0xd4, 0x0, 0x3, 0xea, 0xa0, 0x0, 0xf,
    0x7d, 0x80, 0x0, 0x78, 0x5, 0xe0, 0x0, 0x3,
    0x8f, 0x6, 0x40, 0x0, 0x3e, 0x3b, 0x1c, 0x0,
    0x0, 0xe4, 0x80, 0x30, 0x0, 0xe, 0x30, 0x19,
    0x0, 0x0, 0xea, 0xd0, 0x0, 0xf, 0xc0, 0x2e,
    0x60, 0x0, 0x1c, 0x22, 0x72, 0x0, 0x1, 0xc9,
    0x40, 0x0, 0x1c, 0x4, 0xea, 0x0, 0x1, 0xfd,
    0x56, 0x0, 0x1, 0xeb, 0xe0, 0x0, 0xe, 0xbe,
    0x0, 0x0, 0xe3, 0xc1, 0x90, 0x0, 0xf, 0xe3,
    0xa1, 0xb0, 0x0, 0xe, 0x4a, 0x0, 0x0, 0xc2,
    0x47, 0x20, 0x0, 0x1d, 0x5a, 0x0, 0x1, 0xfe,
    0x1, 0x74, 0x0, 0x0, 0xe3, 0x11, 0xa0, 0x0,
    0x9, 0x2c, 0xc, 0x0, 0x3, 0x1, 0x3a, 0x80,
    0x0, 0x7f, 0xd5, 0x60, 0x0, 0x1e, 0x78, 0x0,
    0x0, 0xbe, 0x80, 0x0, 0x38, 0xfc, 0x64, 0x0,
    0x3, 0xfe, 0x3a, 0x1b, 0x0, 0x0, 0xec, 0xe0,
    0x0, 0x0, 0x12, 0x40, 0x0, 0x7, 0x57, 0x0,
    0x0, 0x7f, 0xf0, 0x0, 0x5d, 0x0, 0x0, 0x39,
    0x74, 0x14, 0x0, 0xd4, 0x50, 0x0, 0x3, 0x1,
    0x3b, 0x0, 0x0, 0x7f, 0xf0, 0x6a, 0xc0, 0x0,
    0x38, 0x39, 0x14, 0x2, 0xd8, 0x0, 0x3, 0x8f,
    0xc6, 0x80, 0x0, 0x3f, 0xf8, 0x27, 0x43, 0x60,
    0x0, 0x1d, 0x94, 0x0, 0x94, 0x0, 0x1, 0xd5,
    0xe0, 0x0, 0x1f, 0xfc, 0x20, 0x17, 0x50, 0x0,
    0xe, 0x5e, 0x16, 0x35, 0x0, 0x0, 0xc0, 0x4e,
    0xe0, 0x0, 0x1f, 0xfc, 0x3a, 0xa0, 0x0, 0xe,
    0x2b, 0x6b, 0x1, 0x0, 0x0, 0xc7, 0xe3, 0x40,
    0x0, 0x1f, 0xfc, 0x33, 0xa1, 0xb0, 0x0, 0xe,
    0x87, 0x0, 0x0, 0xea, 0xf0, 0x0, 0xf, 0xfe,
    0x20, 0xb, 0xa8, 0x0, 0x7, 0x2, 0x80, 0x0,
    0x60, 0x17, 0x70, 0x0, 0xf, 0xfe, 0x2d, 0x68,
    0x0, 0x7, 0xf8, 0xf0, 0x68, 0x0, 0x3, 0xff,
    0x8a, 0x7a, 0x36, 0x0, 0x1, 0xfd, 0x5e, 0x0,
    0x1, 0xff, 0xc6, 0x1, 0x75, 0x0, 0x0, 0xfc,
    0x2, 0xee, 0x0, 0x1, 0xff, 0xc7, 0xad, 0x0,
    0x0, 0xfc, 0x7a, 0x34, 0x0, 0x1, 0xff, 0xc7,
    0x3d, 0x1b, 0x0, 0x0, 0xfa, 0xb4, 0x0, 0x3,
    0xfc,

    /* U+0057 "W" */
    0x2, 0xec, 0xff, 0xff, 0xee, 0xd0, 0x10, 0x0,
    0xf, 0xe3, 0x5f, 0xff, 0xfe, 0xa3, 0x0, 0x0,
    0xff, 0x3c, 0x7f, 0xff, 0xf9, 0x84, 0x9, 0x1c,
    0x0, 0x3, 0x84, 0x89, 0xc0, 0x0, 0x3f, 0x90,
    0xc0, 0x0, 0x39, 0x18, 0x0, 0x3, 0xfd, 0xae,
    0x0, 0x1, 0xe7, 0xf0, 0xc, 0x30, 0x0, 0xf,
    0x3d, 0x80, 0x0, 0x7f, 0x67, 0x0, 0x0, 0x70,
    0xd1, 0x38, 0x0, 0x7, 0xf2, 0x48, 0x0, 0x7,
    0x12, 0xf, 0x0, 0x26, 0x80, 0x0, 0x7b, 0x24,
    0x0, 0x3, 0xf0, 0x2a, 0x60, 0x0, 0x7, 0x93,
    0xc0, 0x0, 0x3f, 0xf, 0xc, 0x80, 0x0, 0x72,
    0x60, 0x0, 0x0, 0x94, 0x78, 0x0, 0x3, 0x97,
    0xc0, 0x0, 0x3f, 0x1f, 0x5, 0x80, 0x0, 0x7b,
    0x8, 0x0, 0x3, 0xf2, 0x58, 0x0, 0x7, 0xb0,
    0xc0, 0x0, 0x27, 0xf0, 0x0, 0xe, 0x31, 0x8,
    0x0, 0x0, 0xf9, 0x1c, 0x0, 0x3, 0xe4, 0x0,
    0x10, 0x0, 0xf, 0xb6, 0x0, 0x0, 0x38, 0x5,
    0x1c, 0x0, 0x2, 0xc5, 0x0, 0x0, 0xe0, 0x53,
    0x10, 0x0, 0xf, 0xb0, 0x80, 0x0, 0x3e, 0x15,
    0x2c, 0x0, 0x0, 0xf9, 0x24, 0x0, 0x3, 0x8c,
    0x4, 0xc0, 0x0, 0x24, 0x30, 0x0, 0xf, 0x24,
    0x80, 0x0, 0x78, 0x21, 0x24, 0x0, 0x3, 0xf2,
    0x10, 0x0, 0x7, 0x81, 0x4c, 0x80, 0x0, 0x39,
    0x10, 0x0, 0x3, 0xc, 0x15, 0x80, 0x0, 0x76,
    0xb8, 0x0, 0x7, 0x92, 0x42, 0x0, 0x0, 0x3f,
    0x6f, 0x80, 0x0, 0x78, 0xd8, 0x24, 0x0, 0x3,
    0xb3, 0x40, 0x0, 0x39, 0x14, 0x0, 0x3, 0x9e,
    0x40, 0x0, 0x3d, 0x84, 0x0, 0x1, 0xfc, 0xbe,
    0x4, 0x0, 0x1, 0xcb, 0x20, 0x0, 0x1c, 0xc,
    0x9a, 0x0, 0x1, 0xdb, 0xe0, 0x0, 0x1c, 0x42,
    0x2c, 0x0, 0x1, 0xc8, 0xe0, 0x0, 0x18, 0xdc,
    0x0, 0x3, 0x8, 0x18, 0x80, 0x0, 0x76, 0x40,
    0x0, 0x7, 0x1c, 0x5, 0x0, 0x0, 0x72, 0x0,
    0x18, 0x0, 0x7, 0x2d, 0x0, 0x0, 0x60, 0xb3,
    0xe0, 0x0, 0xd, 0x30, 0x3c, 0x0, 0x1, 0x91,
    0x80, 0x0, 0x39, 0xec, 0x0, 0x3, 0xaf, 0x0,
    0x0, 0x3c, 0x1c, 0x76, 0x0, 0x1, 0xd9, 0xe0,
    0x0, 0x19, 0xc, 0x14, 0x0, 0x2, 0x4, 0x5e,
    0x78, 0x0, 0x0, 0xd8, 0x40, 0x0, 0x18, 0x44,
    0x9c, 0x0, 0x3, 0x91, 0xc0, 0x0, 0x3e, 0x43,
    0x0, 0x0, 0xe3, 0x90, 0x0, 0xd, 0x82, 0x0,
    0x1, 0x8e, 0x83, 0xb2, 0xc0, 0x0, 0x32, 0x20,
    0x28, 0x0, 0x4, 0xb2, 0x2, 0x0, 0x1, 0x83,
    0xf, 0x80, 0x0, 0x3e, 0xc5, 0x0, 0x0, 0xe4,
    0xa0, 0x10, 0x0, 0x9, 0x8, 0x0, 0x3, 0x5c,
    0x0, 0x2e, 0x82, 0x0, 0x0, 0x41, 0x87, 0xe0,
    0x0, 0x11, 0xb8, 0x0, 0x7, 0x23, 0x82, 0x0,
    0x0, 0x7c, 0x8c, 0x12, 0x0, 0x1, 0x83, 0xca,
    0x0, 0x0, 0x1, 0xe6, 0xe0, 0x0, 0x19, 0x2c,
    0x0, 0x3c, 0xe0, 0x0, 0x3, 0x20, 0x80, 0x0,
    0x59, 0x0, 0x0, 0x1d, 0x88, 0x0, 0x1, 0xf8,
    0x1d, 0x30, 0x0, 0x3, 0x92, 0x40, 0x0, 0x8,
    0x20, 0x60, 0x0, 0x10, 0xb1, 0x98, 0x0, 0x2,
    0xe0, 0x0, 0x3, 0x63, 0x0, 0x0, 0x4b, 0x40,
    0x0, 0x1c, 0xba, 0x0, 0x1, 0xfd, 0x9a, 0x0,
    0x1, 0xde, 0xe0, 0x0, 0xd, 0xe0, 0x0, 0xc,
    0x94, 0x2, 0x0, 0x0, 0x4f, 0x0, 0x0, 0xc9,
    0x40, 0xe0, 0x4, 0xc2, 0x40, 0x0, 0x18, 0x58,
    0xb0, 0x0, 0x3, 0xf9, 0xc, 0x0, 0x3, 0x96,
    0x40, 0x0, 0x8, 0x20, 0x0, 0x1b, 0xe0, 0x0,
    0x2, 0x35, 0x15, 0x0, 0x0, 0x82, 0x11, 0xc0,
    0x1e, 0xc0, 0x0, 0x39, 0x38, 0x4, 0x0, 0x3,
    0xf8, 0xd8, 0x44, 0x0, 0x3, 0x1a, 0x84, 0x8a,
    0x17, 0x80, 0x0, 0x40, 0x29, 0xa0, 0x0, 0x10,
    0xa, 0x78, 0x0, 0x6, 0xc2, 0x0, 0xc9, 0x0,
    0x0, 0xec, 0x40, 0x0, 0xf, 0xf0, 0x12, 0x18,
    0x0, 0x6, 0x4, 0x35, 0x40, 0x1, 0x0, 0x0,
    0x8c, 0x85, 0x80, 0x0, 0x37, 0xc0, 0x0, 0x6,
    0x41, 0x0, 0x58, 0x0, 0x0, 0xe4, 0x30, 0x0,
    0xf, 0xfb, 0x1c, 0x0, 0x3, 0x93, 0xf0, 0x80,
    0x0, 0x32, 0x48, 0x0, 0x7, 0x25, 0x0, 0x80,
    0x0, 0x47, 0x22, 0x86, 0xc0, 0x0, 0x18, 0x88,
    0x80, 0x0, 0x3, 0xfe, 0x4d, 0x0, 0x0, 0xed,
    0x94, 0xe0, 0x0, 0xd, 0x76, 0x0, 0x1, 0xc2,
    0xe6, 0x20, 0x0, 0x10, 0x2c, 0xb0, 0x28, 0x0,
    0x6, 0x47, 0x0, 0x0, 0xff, 0xe0, 0x13, 0x8e,
    0x0, 0x0, 0x65, 0xd2, 0x70, 0x0, 0x8, 0x34,
    0xec, 0x0, 0x3, 0xc9, 0x0, 0x0, 0x19, 0xd0,
    0x0, 0x3, 0xb3, 0x0, 0x0, 0x3f, 0xf8, 0x28,
    0x60, 0x0, 0x18, 0x20, 0x0, 0x3, 0x2e, 0x82,
    0x80, 0x0, 0x7b, 0x1c, 0x0, 0x3, 0x4, 0x80,
    0x0, 0x60, 0x14, 0x30, 0x0, 0xf, 0xfe, 0xf,
    0xe8, 0x0, 0x7, 0xf6, 0x40, 0x0, 0x7, 0xc8,
    0xa1, 0xa0, 0x0, 0x1f, 0x8b, 0x85, 0x40, 0x0,
    0x3f, 0xf8, 0x28, 0xe0, 0x0, 0x1f, 0xc8, 0xe0,
    0x0, 0x1f, 0x2, 0xa1, 0x80, 0x0, 0x7e, 0x5d,
    0x0, 0x0, 0xff, 0xe1, 0xd, 0x14, 0x0, 0x0,
    0x7c, 0x4e, 0x40, 0x0, 0x1, 0xfb, 0x60, 0x0,
    0x3, 0xf6, 0x20, 0x0, 0x7, 0xff, 0xd, 0x10,
    0x0, 0x3, 0xe4, 0x90, 0x0, 0xf, 0xe4, 0xb0,
    0x0, 0xf, 0x81, 0x51, 0x40, 0x0, 0x3f, 0xf8,
    0x78, 0x60, 0x0, 0x1f, 0x6c, 0x0, 0x0, 0x7f,
    0x11, 0x12, 0x80, 0x0, 0x78, 0xe4, 0x30, 0x0,
    0x3, 0xff, 0x86, 0x80, 0x6, 0x0, 0x1, 0xc0,
    0xe8, 0x60, 0x0, 0x1f, 0xe4, 0x90, 0x0, 0xf,
    0x21, 0x80, 0x0, 0x7f, 0xf1, 0x4, 0xd, 0x40,
    0x0, 0x39, 0xc, 0x28, 0x0, 0x3, 0xfd, 0xb0,
    0x0, 0x1, 0xeb, 0xd0, 0x0, 0xf, 0xc0,

    /* U+0058 "X" */
    0x0, 0xab, 0xff, 0xff, 0xf7, 0xc1, 0x10, 0x0,
    0x7, 0xfc, 0x3, 0x93, 0xff, 0xff, 0xe9, 0x30,
    0xb, 0x20, 0xf0, 0x0, 0xe, 0x7, 0x8d, 0x0,
    0x0, 0xff, 0x98, 0xcd, 0x80, 0x0, 0x38, 0x7a,
    0x7c, 0x0, 0x66, 0x58, 0x0, 0x3, 0xca, 0x8,
    0x80, 0x0, 0x1f, 0xc1, 0xf1, 0x60, 0x0, 0x1e,
    0xa6, 0xc, 0x0, 0x0, 0x33, 0x9e, 0x0, 0x0,
    0x7a, 0x44, 0x10, 0x0, 0x3, 0xf4, 0xf8, 0xb0,
    0x0, 0x7, 0x30, 0x23, 0x80, 0x0, 0x40, 0x3d,
    0x40, 0xc0, 0x0, 0x1c, 0x54, 0xd4, 0x0, 0x1,
    0xf1, 0x5b, 0x58, 0x0, 0x7, 0xc, 0x47, 0x0,
    0x0, 0x71, 0x4b, 0xc8, 0x0, 0x7, 0xa0, 0x45,
    0x0, 0x0, 0x3d, 0x2c, 0x8, 0x0, 0x1, 0xd6,
    0xa2, 0x20, 0x0, 0x1e, 0x87, 0x28, 0x0, 0x0,
    0xe1, 0x8, 0xc0, 0x0, 0xe, 0x55, 0x42, 0x0,
    0x0, 0xe5, 0x45, 0x20, 0x0, 0xf, 0x81, 0xfa,
    0x40, 0x40, 0x0, 0x39, 0x94, 0xc4, 0x0, 0x2,
    0xa, 0xb4, 0x0, 0x0, 0xe1, 0x2b, 0xc0, 0x0,
    0xf, 0xe3, 0xe6, 0x40, 0x0, 0xe, 0x2, 0xf3,
    0x0, 0x0, 0xa2, 0x47, 0x80, 0x0, 0x3a, 0xc0,
    0x5c, 0x0, 0x3, 0xfd, 0x14, 0x2e, 0x0, 0x1,
    0xc7, 0xab, 0x0, 0x4, 0x2e, 0x80, 0x0, 0x1c,
    0x92, 0xba, 0x0, 0x1, 0xff, 0x8, 0x5f, 0x0,
    0x0, 0x7a, 0xec, 0x2a, 0x44, 0x20, 0x0, 0x3,
    0x6, 0xd5, 0x80, 0x0, 0x7f, 0xf0, 0x55, 0x92,
    0xc0, 0x0, 0x38, 0x72, 0xdd, 0x3c, 0x0, 0x3,
    0xa6, 0xc7, 0x40, 0x0, 0x3f, 0xf8, 0x55, 0x41,
    0x60, 0x0, 0x1c, 0x84, 0x0, 0x1, 0xc7, 0xcd,
    0x0, 0x0, 0x1f, 0xfc, 0x31, 0xe8, 0x40, 0x0,
    0xf, 0xf0, 0x4f, 0x20, 0x8, 0x0, 0x7, 0xff,
    0x11, 0xcc, 0xd0, 0x0, 0x3, 0xfa, 0x8, 0x94,
    0x0, 0x3, 0xff, 0x8a, 0x7, 0xf6, 0x0, 0x1,
    0xf8, 0xd1, 0xdc, 0x0, 0x3, 0xff, 0x8e, 0xc2,
    0x0, 0x1, 0xf8, 0x4, 0x4, 0x0, 0x1, 0xff,
    0xc6, 0xd, 0xb5, 0x0, 0x0, 0xfc, 0x6a, 0xe6,
    0x0, 0x1, 0xff, 0xc6, 0x9e, 0x1b, 0x0, 0x0,
    0xfe, 0x84, 0x21, 0x0, 0x0, 0xff, 0xe2, 0x1b,
    0x37, 0x0, 0x0, 0x7f, 0x82, 0xa6, 0x0, 0x0,
    0x3f, 0xf8, 0x60, 0x9c, 0xc0, 0x40, 0x0, 0x1c,
    0x1e, 0x0, 0x1, 0xc8, 0xcb, 0xc0, 0x0, 0x1f,
    0xfc, 0x27, 0x22, 0xf0, 0x0, 0xe, 0x59, 0xbc,
    0x0, 0x0, 0xf5, 0x98, 0xb0, 0x0, 0x7, 0xff,
    0x0, 0x86, 0xc, 0x0, 0x3, 0x84, 0x2f, 0x93,
    0x14, 0x80, 0x0, 0x38, 0x4a, 0xf8, 0x0, 0x3,
    0xff, 0x81, 0x2c, 0x14, 0x0, 0x1, 0xd1, 0x3,
    0x0, 0x16, 0xc1, 0xa0, 0x0, 0x1c, 0xae, 0x9a,
    0x0, 0x1, 0xfe, 0x59, 0x48, 0x0, 0x0, 0xe3,
    0x86, 0x60, 0x0, 0x0, 0xdc, 0x10, 0x0, 0x7,
    0xab, 0x83, 0x40, 0x0, 0x3f, 0x8, 0xd8, 0x80,
    0x0, 0x70, 0x27, 0x48, 0x8, 0x0, 0x4, 0xe6,
    0x64, 0x0, 0x1, 0xc3, 0x93, 0x0, 0x0, 0x1f,
    0xa2, 0x85, 0xc0, 0x0, 0x39, 0xcc, 0xb8, 0x0,
    0x3, 0x1, 0xfc, 0x1, 0x0, 0x0, 0x73, 0x59,
    0xe0, 0x0, 0x7, 0x8f, 0x59, 0x40, 0x0, 0x38,
    0x82, 0x8, 0x0, 0x3, 0xc6, 0xad, 0xc0, 0x0,
    0x1c, 0x3, 0xd6, 0xe, 0x0, 0x1, 0x81, 0xba,
    0xc0, 0x40, 0x0, 0x3a, 0x54, 0x28, 0x0, 0x3,
    0xe9, 0xd1, 0xa0, 0x0, 0xe, 0x28, 0x84, 0x0,
    0x0, 0xcf, 0x5, 0x20, 0x0, 0x1c, 0xaa, 0x94,
    0x0, 0x1, 0xf8, 0x3a, 0xc0, 0x0, 0x3, 0xcf,
    0x25, 0xa0, 0x0, 0x2, 0x68, 0x60, 0x0, 0xe,
    0xe, 0xb0, 0x0, 0x0, 0xff, 0x2a, 0xa4, 0x80,
    0x0, 0x70, 0x2f, 0x20, 0x10, 0x4, 0xc8, 0x38,
    0x0, 0x7, 0x4d, 0xd, 0x0, 0x0, 0x7f, 0xd2,
    0xe1, 0x20, 0x0, 0x1c, 0x6c, 0xe6,

    /* U+0059 "Y" */
    0x23, 0xfa, 0xff, 0xff, 0xef, 0x91, 0xf0, 0x0,
    0xf, 0xfe, 0x0, 0xb7, 0xa7, 0xff, 0xff, 0x7a,
    0xc, 0x11, 0xb5, 0x80, 0x0, 0x70, 0x34, 0x8,
    0x0, 0x7, 0xff, 0x2, 0x18, 0x2c, 0x0, 0x3,
    0xa2, 0xc6, 0x0, 0x20, 0x83, 0xc0, 0x0, 0x39,
    0x88, 0x9c, 0x0, 0x3, 0xfc, 0x3a, 0xd0, 0x0,
    0x1, 0xc3, 0xe, 0x80, 0x0, 0x1, 0x38, 0x70,
    0x0, 0xe, 0x3, 0x8f, 0x0, 0x0, 0xff, 0x43,
    0x3, 0x80, 0x0, 0x74, 0x10, 0x58, 0x0, 0x4,
    0xfe, 0x3c, 0x0, 0x1, 0xca, 0xc5, 0xe0, 0x0,
    0x1f, 0x89, 0x58, 0x0, 0x0, 0x38, 0xa9, 0x98,
    0x0, 0x3, 0x4, 0x5e, 0x0, 0x0, 0x70, 0xc,
    0xe8, 0x0, 0x7, 0xe8, 0x30, 0x40, 0x0, 0xe,
    0x9e, 0x3, 0x0, 0x0, 0xe5, 0xc3, 0x10, 0x0,
    0xe, 0x4d, 0x38, 0x0, 0x0, 0xf1, 0x6a, 0xc0,
    0x0, 0x7, 0x20, 0xa5, 0x80, 0x0, 0x78, 0x6,
    0x34, 0x0, 0x3, 0xd0, 0x80, 0x0, 0x1e, 0x9c,
    0x1, 0x0, 0x0, 0xc0, 0x31, 0xa0, 0x0, 0x1f,
    0x90, 0xd2, 0x0, 0x0, 0x39, 0xd, 0x4, 0x0,
    0x3, 0x1b, 0xa7, 0x0, 0x0, 0x72, 0xd1, 0x98,
    0x0, 0x7, 0xf4, 0xd0, 0x10, 0x0, 0x7, 0x43,
    0x80, 0x0, 0x68, 0xa0, 0x0, 0xe, 0x7, 0xbb,
    0x0, 0x0, 0xff, 0x16, 0xb0, 0x0, 0x0, 0x71,
    0xca, 0x58, 0x0, 0x1, 0x9, 0x8, 0x0, 0x1,
    0xce, 0x43, 0xe0, 0x0, 0x1f, 0xf4, 0x38, 0x50,
    0x0, 0x7, 0x42, 0x0, 0x80, 0x42, 0x80, 0x0,
    0x70, 0x94, 0xd0, 0x0, 0x7, 0xff, 0x0, 0x69,
    0xd8, 0x0, 0x3, 0x8c, 0x15, 0x13, 0x4e, 0x0,
    0x0, 0x3a, 0x74, 0x40, 0x0, 0x3, 0xff, 0x83,
    0x1c, 0x2c, 0x0, 0x1, 0xd1, 0xb3, 0xc0, 0x0,
    0x1c, 0x44, 0xec, 0x0, 0x1, 0xff, 0xc2, 0xd,
    0x80, 0x0, 0x0, 0xe2, 0x72, 0xc0, 0x0, 0xe,
    0x88, 0x6, 0x0, 0x0, 0xff, 0xe1, 0xb6, 0x93,
    0x80, 0x0, 0x7f, 0x8d, 0xd5, 0x40, 0x0, 0x3f,
    0xf8, 0x80, 0x91, 0x0, 0x0, 0x1f, 0xef, 0x40,
    0x0, 0xf, 0xfe, 0x32, 0x81, 0xe8, 0x0, 0x7,
    0xe5, 0x13, 0xc0, 0x0, 0xf, 0xfe, 0x3f, 0xa8,
    0x0, 0x7, 0xc0, 0x91, 0x0, 0x0, 0x1f, 0xfc,
    0x83, 0x75, 0x60, 0x0, 0xf, 0x37, 0x93, 0x0,
    0x0, 0x7f, 0xf2, 0x7d, 0x40, 0x0, 0x3d, 0xb8,
    0x0, 0x1, 0xff, 0xca, 0x7, 0x0, 0x0, 0xf0,
    0x78, 0x0, 0x7, 0xff, 0xfc, 0x0, 0x3, 0xff,
    0xfe, 0x0, 0x1, 0xff, 0xff, 0x0, 0x0, 0xff,
    0xff, 0x80, 0x0, 0x7f, 0xc0,

    /* U+005A "Z" */
    0x0, 0xab, 0xff, 0xff, 0xff, 0xe5, 0x80, 0x0,
    0x7f, 0xff, 0xc0, 0x0, 0x3f, 0xfa, 0x5, 0xa0,
    0x0, 0xe, 0x68, 0xc8, 0xcf, 0xfe, 0x14, 0x20,
    0x18, 0x0, 0x7, 0x4, 0xfc, 0x0, 0x0, 0x13,
    0x5c, 0xdc, 0xff, 0xf8, 0x5d, 0x40, 0x60, 0x0,
    0x1d, 0x26, 0x54, 0x0, 0x1, 0xff, 0xc4, 0x4d,
    0x6e, 0x0, 0x0, 0xe5, 0x46, 0x50, 0x0, 0xf,
    0xfe, 0x20, 0xdd, 0x8, 0x0, 0x7, 0xf, 0xdd,
    0x80, 0x0, 0x7f, 0xf1, 0x0, 0xa9, 0x4, 0xc0,
    0x0, 0x30, 0x1e, 0xd8, 0x80, 0x0, 0x7, 0xff,
    0x11, 0xf1, 0x0, 0x0, 0x3, 0xa0, 0xe, 0xc0,
    0x0, 0x3f, 0xf8, 0x87, 0x90, 0x40, 0x0, 0x1c,
    0x7e, 0xfc, 0x0, 0x1, 0xff, 0xc4, 0x11, 0xde,
    0x3, 0x0, 0x0, 0xc2, 0x5b, 0x80, 0x40, 0x0,
    0x1f, 0xfc, 0x4b, 0xf1, 0xd0, 0x0, 0xe, 0xa2,
    0x1c, 0x0, 0x0, 0xff, 0xe2, 0x35, 0x28, 0x80,
    0x0, 0x73, 0x5a, 0x78, 0x0, 0x7, 0xff, 0x10,
    0xba, 0x74, 0x0, 0x3, 0x8b, 0x67, 0x0, 0x0,
    0x3f, 0xf8, 0x81, 0x5f, 0x1, 0x0, 0x0, 0x18,
    0x27, 0xe0, 0x20, 0x0, 0x3, 0xff, 0x89, 0x2c,
    0x52, 0x0, 0x1, 0xd2, 0x5, 0x40, 0x0, 0x1f,
    0xfc, 0x45, 0x76, 0x30, 0x0, 0xe, 0x52, 0x66,
    0x0, 0x0, 0xff, 0xe2, 0x10, 0xd3, 0x80, 0x0,
    0x70, 0xf5, 0xe0, 0x0, 0x7, 0xff, 0x10, 0x13,
    0xa4, 0x3c, 0x0, 0x3, 0x1, 0xee, 0x88, 0x80,
    0x0, 0x7f, 0xf1, 0x23, 0x4d, 0xc0, 0x0, 0x3a,
    0x8, 0xf0, 0x0, 0x3, 0xff, 0x88, 0x8a, 0xee,
    0x0, 0x1, 0xc7, 0xcf, 0xa0, 0x0, 0x1f, 0xfc,
    0x41, 0x6a, 0xd0, 0x10, 0x0, 0xc, 0x25, 0xba,
    0x6, 0x0, 0x1, 0xff, 0xc3, 0x1, 0xae, 0x17,
    0x0, 0x0, 0xeb, 0xc1, 0xc0, 0x0, 0xf, 0xfe,
    0x23, 0xa2, 0x38, 0x0, 0x7, 0x35, 0x28, 0x80,
    0x0, 0x7f, 0xf1, 0xd, 0xa3, 0xc0, 0x0, 0x38,
    0x8, 0x45, 0xed, 0xef, 0xff, 0x86, 0x6c, 0x9,
    0xd6, 0xa, 0x0, 0x1, 0xc0, 0x4f, 0x70, 0x90,
    0x9f, 0xfc, 0x35, 0x90, 0xf2, 0x20, 0x0, 0xf,
    0xff, 0xf8, 0x0, 0x7, 0xff, 0x3c,

    /* U+005B "[" */
    0x8b, 0xff, 0xff, 0xff, 0xa8, 0xc0, 0x0, 0x3f,
    0xfc, 0x23, 0x29, 0x9, 0x1d, 0xac, 0x0, 0x1,
    0xe4, 0x5b, 0x7b, 0x7e, 0x75, 0x0, 0x0, 0xff,
    0xff, 0x80, 0x0, 0x7f, 0xff, 0xc0, 0x0, 0x3f,
    0xff, 0xe0, 0x0, 0x1f, 0xff, 0xf0, 0x0, 0xf,
    0xff, 0xd2, 0xe7, 0xff, 0xff, 0x51, 0x80, 0x0,
    0x7f, 0xf6, 0xfa, 0xd4, 0x14, 0x3f, 0xed, 0x30,

    /* U+005C "\\" */
    0xda, 0xff, 0xff, 0xe3, 0x0, 0x0, 0xf, 0xf9,
    0x28, 0x0, 0x3, 0x92, 0x80, 0x0, 0x3f, 0xed,
    0x60, 0x0, 0xe, 0xbe, 0x0, 0x0, 0xff, 0x90,
    0x42, 0x80, 0x0, 0x31, 0xc0, 0x90, 0x0, 0x7,
    0xf8, 0x1d, 0x1c, 0x0, 0x3, 0x1, 0xa5, 0x0,
    0x0, 0x7f, 0xdb, 0x40, 0x0, 0x1d, 0xf4, 0x0,
    0x1, 0xff, 0x3b, 0x0, 0x0, 0x72, 0x40, 0x10,
    0x0, 0x7, 0xf8, 0x78, 0xb0, 0x0, 0x3, 0xa,
    0x9a, 0x0, 0x0, 0x7f, 0xcb, 0x40, 0x0, 0x1d,
    0x6c, 0x0, 0x1, 0xff, 0x5b, 0x0, 0x0, 0x72,
    0x50, 0x0, 0x7, 0xfc, 0x76, 0x1e, 0x0, 0x1,
    0x8d, 0x5, 0x80, 0x0, 0x3f, 0xc0, 0x8b, 0x60,
    0x0, 0x18, 0x5, 0x20, 0x0, 0x3, 0xfe, 0xcb,
    0x0, 0x0, 0xef, 0x70, 0x0, 0xf, 0xf9, 0xe0,
    0x4, 0x0, 0x3, 0x23, 0x2, 0x0, 0x0, 0x7f,
    0x86, 0xc, 0x80, 0x0, 0x30, 0x81, 0xc8, 0x0,
    0x7, 0xfc, 0x9c, 0x0, 0x1, 0xd7, 0x40, 0x0,
    0x1f, 0xf5, 0xd0, 0x0, 0x7, 0x2b, 0x0, 0x0,
    0x7f, 0xc7, 0x42, 0x80, 0x0, 0x18, 0xb8, 0x70,
    0x0, 0x3, 0xfc, 0x4, 0x90, 0x0, 0x1, 0xcf,
    0x20, 0x0, 0x1f, 0xf7, 0xd0, 0x0, 0x7, 0x65,
    0x0, 0x0, 0x7f, 0xc9, 0x60, 0x60, 0x0, 0x19,
    0x70, 0x18, 0x0, 0x3, 0xfc, 0x24, 0x72, 0x0,
    0x1, 0x83, 0x11, 0x40, 0x0, 0x3f, 0xeb, 0xe0,
    0x0, 0xe, 0xce, 0x0, 0x0, 0xff, 0x92, 0xc0,
    0x0, 0x39, 0x68, 0x0, 0x3, 0xfe, 0x30, 0x1a,
    0x0, 0x0, 0xc5, 0x4, 0x40, 0x0, 0x1f, 0xf3,
    0xc8, 0x0, 0x7, 0x27, 0x0, 0x0, 0x7f, 0xd9,
    0xc0, 0x0, 0x1d, 0xb4, 0x0, 0x1, 0xff, 0x2e,
    0x2, 0x80, 0x0, 0x64, 0x10, 0x90, 0x0, 0xf,
    0xf0, 0x72, 0x38, 0x0, 0x6, 0x8, 0x43, 0x0,
    0x0, 0xff, 0xb3, 0x80, 0x0, 0x3b, 0x78, 0x0,
    0x3, 0xfe, 0x5a, 0x0, 0x0, 0xe4, 0xb0, 0x0,
    0xf, 0xf8, 0xa4, 0x80, 0x0, 0x3, 0x10, 0x14,
    0x0, 0x0, 0x7f, 0xc9, 0x40, 0x0, 0x1c, 0xb4,
    0x0, 0x1, 0xff, 0x6f, 0x0, 0x0, 0x76, 0x70,
    0x0, 0x7, 0xfc, 0x84, 0x10, 0x0, 0x1, 0x91,
    0x83, 0x40, 0x0, 0x3f, 0xc1, 0x28, 0x20, 0x0,
    0x18, 0x15, 0x74, 0x0, 0x3, 0xfe, 0xda, 0x0,
    0x0, 0xec, 0xa0, 0x0, 0xf, 0xf9, 0x38, 0x0,
    0x3, 0x9f, 0x80, 0x0, 0x3f, 0xe2, 0x28, 0xa8,
    0x8, 0xd, 0x36, 0x1c,

    /* U+005D "]" */
    0x73, 0xff, 0xff, 0xff, 0xad, 0xc0, 0x0, 0x3f,
    0xfb, 0x64, 0x9, 0x9, 0x1c, 0x50, 0x0, 0x1,
    0xe5, 0x3b, 0x7b, 0x7e, 0xb8, 0x0, 0x0, 0xff,
    0xff, 0x80, 0x0, 0x7f, 0xff, 0xc0, 0x0, 0x3f,
    0xff, 0xe0, 0x0, 0x1f, 0xff, 0xf0, 0x0, 0xf,
    0xff, 0xd3, 0x9f, 0xff, 0xff, 0x48, 0x0, 0x0,
    0x7f, 0xf8, 0x4f, 0x14, 0x14, 0x3f, 0xec, 0x90,

    /* U+005E "^" */
    0x0, 0x0, 0xf8, 0x61, 0xfd, 0xff, 0x98, 0x0,
    0x0, 0x3f, 0xf8, 0x51, 0x70, 0x10, 0x1d, 0x38,
    0x4a, 0x0, 0x1, 0xff, 0xc0, 0x1e, 0x6a, 0x0,
    0x0, 0xe0, 0x38, 0x10, 0x0, 0xf, 0xfe, 0x4,
    0x28, 0x30, 0x0, 0x7, 0x96, 0x4a, 0x80, 0x0,
    0x3f, 0xc4, 0x6c, 0x0, 0x0, 0x1f, 0x1, 0x41,
    0x80, 0x0, 0x7f, 0xa0, 0x1, 0x0, 0x0, 0x23,
    0x0, 0x20, 0x0, 0x9, 0x5c, 0xb8, 0x0, 0x3,
    0xf1, 0x52, 0xf0, 0x0, 0x4, 0x7, 0xd6, 0xa2,
    0x0, 0x1, 0x0, 0xc0, 0x80, 0x0, 0x7e, 0x81,
    0x2, 0x0, 0x0, 0x96, 0x9, 0x26, 0x0, 0x0,
    0x32, 0x81, 0x90, 0x0, 0x7, 0x8c, 0x15, 0x40,
    0x0, 0x20, 0x18, 0xf0, 0x3, 0x44, 0x40, 0x0,
    0xd, 0xc, 0x0, 0x1, 0xe8, 0x20, 0x10, 0x0,
    0x9, 0x48, 0xac, 0x0, 0x1, 0xf2, 0x0, 0x1,
    0x92, 0xce, 0x0, 0x0, 0x31, 0xba, 0x68, 0x0,
    0x6, 0x9e, 0x0, 0x0, 0x90, 0x8d, 0x40, 0x0,
    0x34, 0x8, 0x0, 0x6, 0x8d, 0x0, 0x0, 0xc9,
    0x66, 0x40, 0x0, 0x1a, 0x6c, 0x0, 0x3, 0x23,
    0x1e, 0x80, 0x0, 0xf, 0x91, 0x40, 0x0, 0x34,
    0x68, 0x0, 0x7, 0x28, 0x14, 0x0, 0x0, 0x68,
    0x20, 0x0, 0x7, 0xe0, 0x0, 0x6, 0x42, 0x39,
    0x0, 0x0, 0xe0, 0x1b, 0x70, 0x0, 0xc, 0x80,
    0x84,

    /* U+005F "_" */
    0x3, 0xc7, 0xc7, 0xff, 0xe4, 0x54, 0x0, 0x1c,
    0x1c, 0x7f, 0xf2, 0x1f, 0xc0, 0x0, 0x3f, 0xfe,
    0xc0,

    /* U+0060 "`" */
    0x9, 0xb2, 0xcb, 0xcb, 0xd6, 0x80, 0xe0, 0x0,
    0x18, 0x26, 0x10, 0xf0, 0xd0, 0xd2, 0x4b, 0x97,
    0x0, 0x0, 0xe3, 0x6a, 0xd0, 0x0, 0xc, 0xdc,
    0x90, 0x0, 0x1, 0xcb, 0x4f, 0x40, 0x0, 0x10,
    0xd, 0x0, 0xb0, 0x0, 0x7, 0x42, 0x27, 0x80,
    0x0, 0x42, 0xf4, 0x60, 0x0, 0x1c, 0x3, 0x78,
    0x5c, 0x0, 0x1, 0x25, 0x36, 0x0, 0x0, 0x70,
    0x66, 0x70, 0xa8, 0x0, 0x5, 0x36, 0x58,

    /* U+0061 "a" */
    0x0, 0x0, 0xf8, 0x4, 0x99, 0x5d, 0xad, 0xed,
    0xbd, 0x74, 0xc0, 0xc, 0x0, 0x3, 0xfe, 0x21,
    0x8c, 0xeb, 0xd9, 0xa8, 0x94, 0x84, 0x90, 0xa2,
    0xcf, 0xf0, 0x9b, 0x2e, 0x0, 0x0, 0xf8, 0x5,
    0xdb, 0x59, 0xcc, 0x54, 0x0, 0x3, 0xe0, 0xc6,
    0x4d, 0x28, 0xa0, 0x30, 0x0, 0xc, 0x3, 0x33,
    0x12, 0x10, 0x0, 0x1, 0xff, 0x1, 0xba, 0xd5,
    0x81, 0x0, 0x0, 0x4d, 0x2c, 0xe0, 0x0, 0x1f,
    0xfc, 0x35, 0x76, 0xc0, 0x0, 0x0, 0x64, 0xc8,
    0x0, 0x7, 0x1, 0x2d, 0x4c, 0x55, 0xc2, 0x10,
    0x80, 0x0, 0x7a, 0x78, 0x20, 0x1, 0xb0, 0x38,
    0x0, 0x3, 0x4, 0xe3, 0xd2, 0xb3, 0xaa, 0x3d,
    0xea, 0xa1, 0x0, 0x0, 0x70, 0x7a, 0x38, 0x7,
    0xd8, 0x0, 0x7, 0x46, 0x1d, 0x0, 0x0, 0x60,
    0xb9, 0x90, 0x20, 0x0, 0xe, 0x33, 0x0, 0xfe,
    0x74, 0x74, 0xe6, 0x60, 0x0, 0xf, 0x12, 0x11,
    0x80, 0x0, 0x77, 0x40, 0x3, 0x2c, 0x5c, 0x5f,
    0xe, 0x0, 0x0, 0x7c, 0xc4, 0x0, 0x1, 0xc0,
    0x60, 0x0, 0x1f, 0xfc, 0x30, 0xb0, 0x0, 0xf,
    0xf8, 0xc1, 0x51, 0xce, 0x46, 0xaa, 0xae, 0xaf,
    0x97, 0xc0, 0x0, 0x3f, 0x1, 0xb5, 0xee, 0xe7,
    0xd5, 0xc6, 0x37, 0x2a, 0xaa, 0x2a, 0x70, 0xb8,
    0x0, 0x7, 0xc1, 0xd8, 0x52, 0x84, 0x40, 0x0,
    0x1f, 0xfc, 0x6b, 0xd3, 0xe0, 0x0, 0xf, 0xfe,
    0x3a, 0x1a, 0x60, 0x0, 0x7, 0xc, 0x49, 0x6c,
    0x7e, 0xff, 0xff, 0xe4, 0x80, 0x0, 0xf, 0x6d,
    0x80, 0x0, 0x70, 0x7e, 0x23, 0x69, 0x38, 0x10,
    0x0, 0x6, 0xc, 0x0, 0x0, 0xf1, 0x30, 0x0,
    0x7, 0x2d, 0x11, 0x80, 0x0, 0x7c, 0xa0, 0x0,
    0x1, 0xe7, 0x60, 0x0, 0xe, 0x1, 0x0, 0x0,
    0xf9, 0x20, 0x50, 0x0, 0x3, 0xcc, 0xc0, 0x0,
    0x1c, 0xb4, 0x46, 0x0, 0x1, 0xc6, 0x14, 0xa0,
    0x0, 0x1f, 0x60, 0x0, 0x0, 0x70, 0x76, 0x23,
    0x89, 0xb1, 0x6a, 0xa5, 0x6, 0x68, 0x90, 0x0,
    0x7, 0xcf, 0xa3, 0x20, 0x0, 0x1c, 0x31, 0x1d,
    0x93, 0xa5, 0x56, 0xbe, 0x4, 0x2, 0x48, 0x0,
    0x1, 0xe1, 0x3a, 0x30, 0x10, 0x0, 0xf, 0xf9,
    0xed, 0x0, 0x0, 0x3, 0xe4, 0x58, 0xf0, 0x70,
    0x0, 0xf, 0xc0, 0x2e, 0x10, 0xc0, 0x0, 0x1f,
    0xce, 0x3b, 0x69, 0x80, 0x0, 0x1c, 0x2, 0x7f,
    0x73, 0x1e, 0x6, 0x0, 0x1, 0xfe, 0x23, 0xb3,
    0xe1, 0xa5, 0x8b, 0x8c, 0xac, 0xdc, 0xc0, 0x47,
    0x0, 0x0, 0x4d, 0xff, 0xff, 0xf4, 0xb8,

    /* U+0062 "b" */
    0xc3, 0xff, 0xff, 0xea, 0x70, 0x0, 0xf, 0xff,
    0xf8, 0x0, 0x7, 0xff, 0xfc, 0x0, 0x3, 0xff,
    0x94, 0x38, 0x98, 0xd8, 0xe8, 0xb2, 0x54, 0x0,
    0x1, 0xff, 0xc4, 0x33, 0xae, 0xe1, 0xb3, 0x93,
    0x8b, 0xa6, 0xd5, 0xd5, 0x2e, 0x80, 0x0, 0x7f,
    0xf0, 0x56, 0x72, 0xd4, 0x40, 0x80, 0x0, 0x38,
    0xaa, 0x8a, 0xd8, 0x28, 0x0, 0x3, 0xfc, 0x8b,
    0x4c, 0xe, 0x0, 0x1, 0xfc, 0x93, 0x6c, 0xe,
    0x0, 0x1, 0xf8, 0x4e, 0x6c, 0x0, 0x3, 0xff,
    0x80, 0x86, 0xf2, 0x0, 0x1, 0xf9, 0x2c, 0x84,
    0x0, 0x0, 0x44, 0xa6, 0x98, 0x26, 0x0, 0x1,
    0xf4, 0x48, 0xf8, 0x0, 0x7, 0xf0, 0x24, 0xde,
    0xed, 0x65, 0x9f, 0x53, 0x60, 0x0, 0x7, 0x82,
    0x27, 0x80, 0x0, 0x3f, 0x0, 0xdb, 0xb2, 0x0,
    0x0, 0x40, 0xd2, 0x6f, 0x40, 0x0, 0x1e, 0x61,
    0x0, 0x0, 0xfc, 0x9e, 0x98, 0x0, 0x1, 0xe8,
    0x21, 0x60, 0x0, 0xe, 0x1f, 0x20, 0x0, 0x0,
    0xfa, 0x34, 0x0, 0x3, 0xe0, 0x79, 0x70, 0x0,
    0xf, 0x39, 0x80, 0x0, 0x78, 0x30, 0xf0, 0x0,
    0x3, 0xf2, 0x38, 0x0, 0x7, 0x8a, 0x0, 0x0,
    0x3c, 0x40, 0x0, 0x1, 0xfc, 0x46, 0x0, 0x1,
    0xef, 0x0, 0x0, 0xf, 0x30, 0x0, 0x0, 0x7f,
    0xd, 0x83, 0x0, 0x0, 0x70, 0xb8, 0x0, 0x7,
    0x80, 0x40, 0x0, 0x3f, 0xf8, 0x80, 0xe0, 0x0,
    0x1e, 0x60, 0x0, 0x0, 0xfe, 0x18, 0x6, 0x0,
    0x0, 0xe1, 0x0, 0x0, 0xf, 0x10, 0x0, 0x0,
    0x7f, 0x10, 0x80, 0x0, 0x7b, 0xc0, 0x0, 0x3,
    0xc1, 0xa7, 0x40, 0x0, 0x1f, 0x91, 0x0, 0x0,
    0x3c, 0x50, 0x0, 0x1, 0xf4, 0xa8, 0x0, 0x7,
    0xc0, 0xf3, 0x60, 0x0, 0x1e, 0x73, 0x0, 0x0,
    0xf9, 0x45, 0x2c, 0x0, 0x3, 0xd0, 0x83, 0x0,
    0x0, 0x1c, 0x3e, 0x40, 0x0, 0x1, 0xf0, 0xd,
    0x83, 0x28, 0x8, 0x0, 0x0, 0x22, 0x51, 0xf0,
    0x0, 0x3, 0xcc, 0x20, 0x0, 0x1f, 0xc0, 0x93,
    0x5c, 0x16, 0x77, 0x3c, 0xed, 0x60, 0x0, 0x1e,
    0x8, 0x9e, 0x0, 0x0, 0xf9, 0x5c, 0x4c, 0x0,
    0x0, 0x3c, 0x98, 0x8c, 0x20, 0x0, 0x1, 0xf4,
    0x48, 0xf8, 0x0, 0x7, 0xc4, 0xf6, 0xc0, 0x0,
    0x1f, 0xfc, 0x4, 0x37, 0x90, 0x0, 0xf, 0xe5,
    0xa9, 0x80, 0x40, 0x0, 0xf, 0xe4, 0x8b, 0x70,
    0x70, 0x0, 0xf, 0xf3, 0x3e, 0x12, 0x58, 0x10,
    0x0, 0x7, 0x14, 0x50, 0x5b, 0x85, 0x80, 0x0,
    0x58, 0x7f, 0xff, 0xfd, 0x1e, 0x0, 0x0, 0x39,
    0xb4, 0xe3, 0xb2, 0x92, 0x8a, 0xa4, 0xd2, 0xd7,
    0x5f, 0x0, 0x0, 0xe0,

    /* U+0063 "c" */
    0x0, 0x0, 0xfc, 0x24, 0x94, 0xc4, 0xf0, 0xe0,
    0xb6, 0x66, 0x4, 0x0, 0x1, 0xff, 0xc0, 0x2,
    0x5b, 0xc5, 0xee, 0xb5, 0x9d, 0x87, 0x8f, 0xa4,
    0xcc, 0xed, 0x9a, 0x25, 0x0, 0x0, 0xfe, 0x2d,
    0xd0, 0xa4, 0x3a, 0x3, 0x0, 0x0, 0xf0, 0x83,
    0x2e, 0xc4, 0x8, 0x18, 0x0, 0x7, 0x91, 0xb7,
    0xb, 0x40, 0x0, 0x3f, 0xe0, 0x27, 0xeb, 0x20,
    0x30, 0x0, 0xc, 0x51, 0x64, 0x1c, 0x0, 0x1,
    0xff, 0xc2, 0x4e, 0x90, 0x0, 0x0, 0x81, 0x3e,
    0x82, 0xc0, 0x0, 0x38, 0x5, 0x1, 0xbd, 0x78,
    0xa4, 0x0, 0x3, 0xcd, 0xa6, 0xe0, 0x0, 0x5,
    0x82, 0xd0, 0x0, 0xe, 0xd, 0xba, 0xbf, 0x90,
    0xa1, 0xd6, 0x9b, 0x8, 0x0, 0x0, 0xc0, 0x30,
    0x40, 0x0, 0x8, 0xd0, 0x0, 0xe, 0x3, 0xc6,
    0x44, 0x0, 0x0, 0xcc, 0x93, 0x40, 0x0, 0x1c,
    0x9e, 0x24, 0x42, 0x5c, 0x0, 0x1, 0xca, 0x6,
    0x80, 0x0, 0x1e, 0x6c, 0x1f, 0x0, 0x0, 0xc0,
    0xab, 0x48, 0x20, 0x0, 0x1e, 0x92, 0x0, 0x0,
    0xf8, 0x5, 0xa0, 0x70, 0x73, 0x85, 0xfc, 0x80,
    0x0, 0x38, 0x4, 0xe0, 0x0, 0x3, 0xf4, 0x47,
    0x1f, 0x1f, 0x2f, 0x9a, 0x80, 0x0, 0x70, 0xc0,
    0x30, 0x0, 0x7, 0xff, 0xc, 0x70, 0x0, 0x3,
    0x8b, 0xc0, 0x0, 0x3f, 0xf8, 0x80, 0x20, 0x0,
    0x1c, 0x6, 0x0, 0x1, 0xff, 0xc4, 0x1d, 0x0,
    0x0, 0xe2, 0xd0, 0x0, 0xf, 0xfe, 0x21, 0xa0,
    0x0, 0x7, 0xc, 0x82, 0x80, 0x0, 0x7f, 0xf0,
    0xfc, 0x80, 0x0, 0x38, 0x4, 0xe0, 0x0, 0x3,
    0xf3, 0x7d, 0xfd, 0xff, 0x2c, 0x21, 0x0, 0x0,
    0x7a, 0x58, 0x0, 0x3, 0xf5, 0xca, 0x2, 0x7,
    0x5, 0x91, 0x95, 0x80, 0x0, 0x72, 0xb9, 0x90,
    0x0, 0x7, 0x95, 0x8a, 0x40, 0x0, 0x39, 0xcc,
    0x2, 0xd4, 0x0, 0x3, 0x80, 0xf0, 0xd0, 0x80,
    0x0, 0x32, 0x85, 0x30, 0x0, 0x7, 0x1c, 0x90,
    0x0, 0x33, 0x94, 0x0, 0x0, 0x70, 0x75, 0xe6,
    0xac, 0xdc, 0xe6, 0x6d, 0x78, 0x78, 0x0, 0x7,
    0x4b, 0x80, 0x0, 0x1, 0xbe, 0x82, 0x40, 0x0,
    0x38, 0x4, 0xa9, 0x91, 0x8c, 0xc8, 0x0, 0x3,
    0xc9, 0xca, 0x20, 0x0, 0x11, 0x6d, 0xe8, 0x58,
    0x0, 0x7, 0xff, 0x8, 0xde, 0xe8, 0x0, 0x3,
    0x92, 0xf1, 0x8a, 0x40, 0x0, 0x3f, 0xf8, 0xc,
    0xd8, 0x61, 0x60, 0x0, 0x1e, 0x32, 0xd5, 0xa0,
    0x37, 0x2, 0x0, 0x0, 0xf0, 0x4a, 0xbe, 0x4c,
    0xc8, 0x58, 0x0, 0x7, 0xe0, 0x35, 0xfc, 0x8e,
    0xeb, 0x49, 0xc8, 0x78, 0xc9, 0xfc, 0x5f, 0xa,
    0x83, 0x60, 0x0, 0xe,

    /* U+0064 "d" */
    0x0, 0x0, 0xff, 0xe2, 0xe7, 0xff, 0xff, 0xf4,
    0xd8, 0x0, 0x7, 0xff, 0xfc, 0x0, 0x3, 0xff,
    0xfe, 0x0, 0x5c, 0xb4, 0xea, 0xd2, 0x8e, 0x2c,
    0x0, 0x1, 0xff, 0xc3, 0x1, 0x64, 0xd8, 0xd1,
    0xa5, 0x8a, 0x96, 0xb8, 0xef, 0xa1, 0x26, 0x0,
    0x0, 0xff, 0xe0, 0x7, 0xdf, 0xcd, 0x93, 0x80,
    0x0, 0x70, 0x32, 0xf6, 0xba, 0x28, 0x0, 0x7,
    0xf8, 0x2f, 0x25, 0x4, 0x0, 0x3, 0xf8, 0x3a,
    0xf8, 0xc0, 0x0, 0x3, 0xfa, 0x68, 0xe4, 0x0,
    0x3, 0xfe, 0x4, 0xfb, 0x1a, 0x0, 0x0, 0xf8,
    0xbd, 0xb0, 0x0, 0x3, 0xe1, 0xd5, 0x5, 0x11,
    0xd0, 0x0, 0x1, 0xa1, 0x50, 0x0, 0x7, 0xd6,
    0x80, 0x40, 0x0, 0x1c, 0x3, 0x1b, 0xc1, 0x5f,
    0x5d, 0xc1, 0x18, 0x2, 0x0, 0x1, 0xf8, 0x25,
    0xa4, 0x0, 0x3, 0xd4, 0x6e, 0x40, 0x40, 0x0,
    0x0, 0x27, 0x3a, 0x10, 0x0, 0xf, 0xc6, 0xe1,
    0xa0, 0x0, 0x1c, 0x68, 0xba, 0x0, 0x1, 0xe5,
    0xf3, 0x50, 0x0, 0xf, 0x92, 0x80, 0x0, 0x3d,
    0x24, 0x0, 0x1, 0xfa, 0x74, 0x0, 0x3, 0xee,
    0x90, 0x0, 0xf, 0x26, 0x0, 0x0, 0x7e, 0x45,
    0x0, 0x0, 0xf8, 0xc0, 0x0, 0x3, 0x82, 0x5,
    0x40, 0x0, 0x3f, 0x9, 0x6, 0x0, 0x0, 0x78,
    0x40, 0x0, 0x3, 0x8b, 0x40, 0x0, 0x3f, 0xc4,
    0x0, 0x0, 0x1e, 0x6, 0x0, 0x0, 0xe0, 0x30,
    0x0, 0xf, 0xf0, 0x38, 0x0, 0x7, 0x85, 0xc0,
    0x0, 0x38, 0xb8, 0x0, 0x3, 0xfc, 0x4c, 0x0,
    0x1, 0xe3, 0x70, 0x0, 0xe, 0x8, 0x15, 0x0,
    0x0, 0xfc, 0x24, 0x1a, 0x0, 0x1, 0xee, 0xb0,
    0x0, 0xf, 0x26, 0x80, 0x0, 0x7e, 0x44, 0x0,
    0x0, 0xf9, 0x30, 0x0, 0x3, 0xd2, 0x60, 0x0,
    0x1f, 0xa7, 0x0, 0x0, 0x3e, 0x34, 0xf, 0x0,
    0x0, 0xe3, 0x45, 0xf0, 0x0, 0xf, 0x30, 0x1a,
    0x80, 0x0, 0x7c, 0x10, 0xd2, 0x0, 0x1, 0xea,
    0x17, 0x60, 0x30, 0x0, 0x0, 0x1b, 0xbc, 0xf0,
    0x0, 0x7, 0xf5, 0xb8, 0x18, 0x0, 0x7, 0x0,
    0xc4, 0xf2, 0x5a, 0xda, 0xb9, 0x22, 0x0, 0x40,
    0x0, 0x3f, 0x8b, 0x9b, 0x40, 0x0, 0x3e, 0x18,
    0x4a, 0x4a, 0xc, 0x0, 0x0, 0x9, 0xf, 0x40,
    0x0, 0x3f, 0x4d, 0x1c, 0x0, 0x0, 0x7f, 0xc0,
    0x53, 0x4e, 0xa0, 0x0, 0x1f, 0x82, 0xf5, 0xcf,
    0x80, 0x0, 0x3f, 0x82, 0xec, 0xd0, 0x40, 0x0,
    0x3f, 0xc2, 0x18, 0x12, 0xe4, 0x80, 0x0, 0x1c,
    0xc, 0xbb, 0xba, 0x9c, 0x0, 0x1, 0xff, 0xc0,
    0x1, 0x68, 0xdb, 0xcd, 0xa3, 0x89, 0x96, 0xb9,
    0xef, 0xa2, 0x29, 0x0, 0x0, 0x5b, 0xff, 0xff,
    0xf4, 0xd8,

    /* U+0065 "e" */
    0x0, 0x0, 0xfc, 0x30, 0x9c, 0xca, 0xf2, 0xd2,
    0xa4, 0x44, 0x0, 0x1, 0xff, 0xc1, 0x2, 0x63,
    0xc9, 0xe6, 0xb1, 0x9a, 0x86, 0x96, 0xad, 0xdd,
    0xd5, 0x75, 0x8, 0x0, 0x0, 0xfe, 0x2f, 0xd0,
    0x9c, 0x36, 0x1, 0x0, 0x0, 0xf1, 0x54, 0x57,
    0x42, 0x8, 0x0, 0x7, 0xc8, 0x5b, 0xc5, 0xa0,
    0x0, 0x1f, 0xf0, 0xfd, 0xc2, 0xb8, 0x0, 0x7,
    0x12, 0xdb, 0x7, 0x0, 0x0, 0x7f, 0xf0, 0x41,
    0xab, 0xd, 0x80, 0x0, 0x20, 0x3e, 0x90, 0xb0,
    0x0, 0xe, 0x2f, 0x83, 0xb4, 0x96, 0x55, 0x0,
    0x0, 0xe0, 0x4e, 0xa0, 0x90, 0x0, 0x2, 0xa1,
    0x98, 0x0, 0x7, 0x35, 0x6b, 0x3e, 0x25, 0xb4,
    0xd5, 0x57, 0x6, 0x0, 0x0, 0x62, 0x36, 0x10,
    0x0, 0x4, 0xf0, 0x0, 0x7, 0x1e, 0xca, 0x83,
    0x0, 0x0, 0x65, 0x18, 0x0, 0x0, 0xe, 0xb1,
    0x0, 0x1d, 0x36, 0x0, 0x0, 0xef, 0x20, 0x0,
    0xf, 0x9d, 0x47, 0x0, 0x0, 0x31, 0x31, 0x42,
    0x38, 0x0, 0x7, 0xc, 0x18, 0x0, 0x0, 0x7c,
    0xc, 0x94, 0x0, 0x1, 0xc9, 0xb9, 0x40, 0x0,
    0x1c, 0xb4, 0x3e, 0x3f, 0xfc, 0x48, 0x0, 0x1,
    0xde, 0x46, 0xc0, 0x0, 0x1c, 0x85, 0xc1, 0xc1,
    0xfc, 0xe4, 0x0, 0x1, 0xc7, 0x83, 0xc0, 0x0,
    0x1f, 0xfc, 0x91, 0x40, 0x40, 0x0, 0xf, 0xfe,
    0x4b, 0xc0, 0xb0, 0x0, 0x7, 0xff, 0x28, 0xf4,
    0x0, 0x3, 0x99, 0x3f, 0xff, 0xff, 0xf8, 0x78,
    0xff, 0xe0, 0x0, 0x1c, 0xbc, 0x0, 0x1, 0xff,
    0xc4, 0x42, 0x0, 0x0, 0xe3, 0x11, 0x30, 0x0,
    0xf, 0xc1, 0x84, 0x64, 0x7c, 0x28, 0x56, 0x44,
    0x0, 0x1, 0x82, 0xe2, 0x40, 0x0, 0x3f, 0x53,
    0x6e, 0x6e, 0x73, 0xe0, 0xd, 0x88, 0x0, 0x7,
    0x32, 0x3e, 0x81, 0x80, 0x0, 0x73, 0xda, 0xa8,
    0x0, 0x6, 0x2, 0x49, 0x0, 0x66, 0x1f, 0x0,
    0x0, 0xc0, 0x30, 0x59, 0xb0, 0xa, 0x29, 0x8e,
    0x7a, 0x50, 0x80, 0x0, 0x1c, 0xb4, 0x42, 0x0,
    0x15, 0xae, 0xa, 0x0, 0x1, 0xc6, 0x2f, 0xf5,
    0xd6, 0x71, 0x85, 0xa0, 0x0, 0x1c, 0x2f, 0x7a,
    0x0, 0x1, 0x1b, 0xd6, 0x83, 0x80, 0x0, 0x7f,
    0xf0, 0x84, 0xf7, 0xc6, 0x80, 0x0, 0x32, 0xbe,
    0x19, 0x18, 0x0, 0x7, 0xfc, 0x2, 0x9f, 0x9e,
    0x6e, 0x0, 0x1, 0xe3, 0xbd, 0x99, 0x83, 0x30,
    0x10, 0x0, 0xf, 0x2, 0x2d, 0x69, 0x58, 0x11,
    0x80, 0x0, 0x7e, 0x5, 0x67, 0xcc, 0xeb, 0xb2,
    0x9b, 0x87, 0x8b, 0x9c, 0xc2, 0xf1, 0xa5, 0x2c,
    0x0, 0x0, 0xe0,

    /* U+0066 "f" */
    0x0, 0x0, 0xf8, 0xc, 0xbd, 0x71, 0xc1, 0xf1,
    0xd1, 0x90, 0xe4, 0x0, 0x3, 0x80, 0xdd, 0x79,
    0xf4, 0x28, 0xe3, 0xe0, 0xe2, 0xe6, 0xfa, 0x80,
    0x0, 0x3a, 0x82, 0x28, 0x6c, 0x0, 0x3, 0xfe,
    0x4b, 0x5c, 0x0, 0x0, 0xff, 0xe0, 0xc3, 0x80,
    0x0, 0x7c, 0xe, 0x22, 0x4, 0x0, 0x1, 0x8e,
    0x0, 0x0, 0x38, 0xaf, 0x2b, 0xe7, 0xbb, 0x44,
    0x0, 0x2, 0x19, 0xb, 0x0, 0x0, 0xe9, 0x43,
    0x50, 0x10, 0x0, 0xe, 0x2a, 0x0, 0x0, 0xf2,
    0xa0, 0x0, 0x7, 0xff, 0x8, 0x6c, 0x0, 0x3,
    0x33, 0xff, 0xff, 0xb3, 0x0, 0x0, 0x3d, 0xe1,
    0xff, 0xff, 0x5f, 0x80, 0x0, 0x7f, 0xf8, 0x4b,
    0x52, 0x12, 0x7, 0x20, 0x0, 0x1e, 0x38, 0x48,
    0x48, 0x8d, 0x92, 0xad, 0xed, 0xde, 0xa0, 0x0,
    0x1e, 0xf0, 0xb7, 0xb7, 0xa2, 0x40, 0x0, 0x3f,
    0xff, 0xe0, 0x0, 0x1f, 0xff, 0xf0, 0x0, 0xf,
    0xff, 0xf8, 0x0, 0x7, 0xff, 0x84,

    /* U+0067 "g" */
    0x0, 0x0, 0xf8, 0xb9, 0x69, 0xd1, 0xa9, 0x20,
    0x5c, 0x0, 0x3, 0xff, 0x86, 0x2, 0xd1, 0xb5,
    0xa3, 0x4b, 0x17, 0x2b, 0x6f, 0xdb, 0x48, 0x52,
    0x0, 0x0, 0xb7, 0xff, 0xff, 0xe9, 0xb0, 0x0,
    0x8, 0x4b, 0xa, 0x5c, 0x94, 0x0, 0x3, 0x81,
    0x56, 0xf6, 0x92, 0xc0, 0x0, 0x3f, 0xc1, 0xdb,
    0xc7, 0x80, 0x0, 0x1f, 0xc1, 0x96, 0xe7, 0x40,
    0x0, 0x1f, 0xd2, 0xe6, 0x60, 0x0, 0x1f, 0xf0,
    0x1f, 0x78, 0x48, 0x0, 0x7, 0xc6, 0xcc, 0xe0,
    0x0, 0x1f, 0xf, 0x28, 0xa8, 0xd, 0x0, 0x0,
    0xa, 0x90, 0x40, 0x0, 0x3e, 0x97, 0x1, 0x0,
    0x0, 0xe0, 0x29, 0x1e, 0xa, 0xea, 0xfe, 0x78,
    0x70, 0x10, 0x0, 0xf, 0xc1, 0x8a, 0x80, 0x0,
    0x1e, 0xa4, 0x6e, 0x1, 0x0, 0x0, 0x1, 0x3c,
    0x4e, 0x0, 0x0, 0x7e, 0x4e, 0xa, 0x0, 0x0,
    0xe3, 0x75, 0x90, 0x0, 0xf, 0x31, 0x19, 0x80,
    0x0, 0x7c, 0x68, 0x0, 0x1, 0xe9, 0xd0, 0x0,
    0xf, 0xd3, 0x60, 0x0, 0x1f, 0x74, 0x0, 0x0,
    0x79, 0x4, 0x0, 0x3, 0xf2, 0x18, 0x0, 0x7,
    0xc6, 0x0, 0x0, 0x1c, 0x12, 0x28, 0x0, 0x1,
    0xf8, 0x50, 0x2c, 0x0, 0x3, 0xc2, 0x60, 0x0,
    0x1c, 0x5c, 0x0, 0x1, 0xfe, 0x21, 0x0, 0x0,
    0xf0, 0x38, 0x0, 0x7, 0x2, 0x0, 0x0, 0x7f,
    0x83, 0xc0, 0x0, 0x3c, 0x26, 0x0, 0x1, 0xc4,
    0xa0, 0x40, 0x0, 0x1f, 0x80, 0x48, 0x80, 0x0,
    0x3c, 0x7e, 0x0, 0x1, 0xc0, 0xc3, 0x0, 0x0,
    0x1f, 0x86, 0x1, 0xc0, 0x0, 0x3d, 0xe0, 0x0,
    0x1, 0xe7, 0x20, 0x0, 0xf, 0xce, 0x40, 0x0,
    0x1f, 0x24, 0x80, 0x0, 0x7a, 0xd0, 0x8, 0x0,
    0x3, 0xc0, 0x96, 0x80, 0x0, 0x1f, 0x17, 0x10,
    0x80, 0x0, 0x71, 0x1c, 0x60, 0x8, 0x0, 0x6,
    0x3, 0x92, 0x20, 0x0, 0x0, 0xf8, 0x6, 0x94,
    0x0, 0x3, 0xce, 0x36, 0x28, 0x61, 0xa1, 0xe8,
    0xd7, 0x6d, 0x20, 0x0, 0x1f, 0xcd, 0x43, 0x0,
    0x0, 0x1e, 0x4f, 0xbc, 0xf0, 0xf1, 0xb9, 0x47,
    0x0, 0x1, 0x9, 0x0, 0x0, 0xf8, 0x46, 0xd4,
    0x0, 0x3, 0xf0, 0x10, 0x8, 0x0, 0x4, 0xd2,
    0x72, 0x0, 0x1, 0xf9, 0x4a, 0x40, 0x0, 0x3,
    0xfe, 0x30, 0x9a, 0x0, 0x0, 0xff, 0x37, 0xd6,
    0x8d, 0x0, 0x0, 0x7e, 0x5b, 0xc5, 0xd, 0x0,
    0x0, 0xff, 0x94, 0xba, 0x27, 0x52, 0x48, 0x2,
    0x5, 0xcd, 0xdb, 0xf5, 0xe9, 0x2, 0x80, 0x7,
    0xc0, 0x0, 0x38, 0x8, 0x0, 0x3, 0x83, 0x58,
    0xad, 0xb7, 0xfd, 0xfa, 0x32, 0x24, 0xa, 0x0,
    0x0, 0x23, 0xa0, 0x0, 0xe, 0x1a, 0x1, 0x3b,
    0x3b, 0xf0, 0x88, 0x0, 0x7, 0xe1, 0xa1, 0x50,
    0x0, 0xe, 0xe6, 0x1, 0xe4, 0xc4, 0xc4, 0xeb,
    0x50, 0x0, 0xf, 0xd0, 0x80, 0x0, 0x1c, 0x2,
    0xf2, 0x0, 0x9a, 0x0, 0x1, 0xcb, 0x72, 0x21,
    0x60, 0x0, 0x18, 0x2e, 0x21, 0x84, 0x0, 0x3,
    0x91, 0xc7, 0x0, 0x23, 0xc2, 0x80, 0x0, 0x39,
    0xbb, 0xea, 0x9a, 0xe, 0x16, 0xaf, 0xb1, 0xdc,
    0x0, 0x3, 0x81, 0xa4, 0x40, 0x0, 0x3, 0xb4,
    0x60, 0x20, 0x0, 0x1c, 0x1c, 0xb2, 0xf8, 0xf4,
    0xa8, 0x30, 0x0, 0x1, 0xc0, 0x74, 0x45, 0x0,
    0x0, 0x12, 0xb5, 0x50, 0x50, 0x0, 0x7, 0xff,
    0x8, 0x4a, 0xb9, 0x6c, 0x0, 0x3, 0x95, 0x3a,
    0x96, 0x81, 0x0, 0x0, 0x3f, 0xc1, 0x6c, 0xbf,
    0x6a, 0x40, 0x0, 0x1f, 0xf, 0xd2, 0xf7, 0x4b,
    0x2e, 0x15, 0x8a, 0x82, 0x85, 0xd, 0x19, 0xb3,
    0xd0, 0xfd, 0x4d, 0xb, 0x0, 0x0, 0x60,

    /* U+0068 "h" */
    0xc3, 0xff, 0xff, 0xe8, 0xb0, 0x0, 0xf, 0xff,
    0xf8, 0x0, 0x7, 0xff, 0xfc, 0x0, 0x3, 0xff,
    0x86, 0x42, 0x9a, 0xd8, 0xec, 0xbe, 0x58, 0x0,
    0x1, 0xff, 0xc3, 0x3e, 0xb8, 0xdf, 0xb2, 0x93,
    0x89, 0xa0, 0xd3, 0xdd, 0x5d, 0x1, 0x0, 0x0,
    0xff, 0x99, 0xf0, 0x91, 0xc0, 0x40, 0x0, 0x38,
    0x8a, 0x8a, 0x94, 0x14, 0x0, 0x3, 0xf9, 0x5e,
    0x60, 0xc, 0x0, 0x3, 0xf9, 0x6e, 0x2c, 0x0,
    0x3, 0xf0, 0x95, 0x90, 0x0, 0x7, 0xff, 0x1,
    0xc0, 0xc4, 0x0, 0x3, 0xe6, 0x31, 0xa0, 0x0,
    0x0, 0x31, 0x18, 0x28, 0x0, 0x7, 0xc0, 0x35,
    0xc0, 0x0, 0x1f, 0x2, 0x80, 0x13, 0xe0, 0x7f,
    0xee, 0x7f, 0xdc, 0xe, 0x0, 0x0, 0x79, 0xd8,
    0x0, 0x3, 0xf1, 0x86, 0x99, 0xf8, 0x30, 0x0,
    0x2a, 0x3f, 0xd0, 0x58, 0x0, 0x7, 0xb, 0x10,
    0x80, 0x0, 0x7d, 0x1a, 0x16, 0x0, 0x1, 0xc3,
    0x2e, 0x40, 0x0, 0x1e, 0x19, 0x0, 0x0, 0xf0,
    0xba, 0x10, 0x0, 0x7, 0xd9, 0xe0, 0x0, 0x1e,
    0x71, 0x0, 0x0, 0xf1, 0x48, 0x0, 0x7, 0xe6,
    0xe0, 0x0, 0xf, 0x1, 0x0, 0x0, 0x79, 0xa4,
    0x0, 0x3, 0xf1, 0xe0, 0x0, 0x7, 0xff, 0x4,
    0x3c, 0x0, 0x3, 0xff, 0xfe, 0x0, 0x1, 0xff,
    0xff, 0x0, 0x0, 0xff, 0xff, 0x80, 0x0, 0x7f,
    0xfd, 0xc0,

    /* U+0069 "i" */
    0x0, 0x0, 0xa, 0xb9, 0xc9, 0xb3, 0x84, 0x0,
    0x0, 0xb, 0x3e, 0x63, 0x1b, 0x26, 0x37, 0xc4,
    0x0, 0x24, 0x44, 0xc0, 0x0, 0x22, 0x89, 0xc0,
    0x4, 0x80, 0x0, 0xe, 0x48, 0x0, 0x2f, 0x0,
    0x0, 0xe6, 0xd0, 0xb, 0xc0, 0x0, 0xc, 0x7,
    0x20, 0x0, 0xcd, 0x3a, 0x56, 0x18, 0x71, 0x7e,
    0x72, 0x0, 0x0, 0x62, 0xd4, 0xf3, 0xc7, 0x43,
    0x0, 0x0, 0xff, 0x65, 0xff, 0xff, 0xf4, 0xd8,
    0x0, 0x7, 0xff, 0xfc, 0x0, 0x3, 0xff, 0xfe,
    0x0, 0x1, 0xff, 0xd6,

    /* U+006A "j" */
    0x0, 0x0, 0xe6, 0x1d, 0x3f, 0x3c, 0x74, 0x30,
    0x0, 0xe, 0x66, 0x9e, 0x2c, 0xc, 0x38, 0xbf,
    0x39, 0x0, 0x0, 0xd7, 0x80, 0x0, 0x18, 0xe,
    0x40, 0x0, 0x3, 0x17, 0x80, 0x0, 0x73, 0x68,
    0x0, 0x6, 0x48, 0x0, 0x0, 0xe4, 0xf0, 0x0,
    0xd, 0x2c, 0x26, 0x0, 0x1, 0x14, 0x4d, 0x80,
    0x0, 0x62, 0xbf, 0xa8, 0xb6, 0xc9, 0x8d, 0xf1,
    0x0, 0x0, 0xe, 0x16, 0x74, 0x93, 0x67, 0x8,
    0x0, 0x0, 0xff, 0xe2, 0x65, 0xff, 0xff, 0xf4,
    0xd8, 0x0, 0x7, 0xff, 0xfc, 0x0, 0x3, 0xff,
    0xfe, 0x0, 0x1, 0xff, 0xff, 0x0, 0x0, 0xff,
    0xea, 0xc, 0x0, 0x0, 0x70, 0x10, 0x0, 0x4,
    0x18, 0x4c, 0x0, 0x1, 0xc3, 0xe0, 0x41, 0x5,
    0x77, 0x81, 0x40, 0x0, 0x1d, 0xcd, 0x23, 0xef,
    0xa8, 0x9e, 0x0, 0x1, 0xc0, 0x8f, 0x20, 0x0,
    0x1f, 0xcd, 0xa3, 0x20, 0x0, 0x1f, 0x8e, 0xe7,
    0x0, 0x0, 0x3e, 0xe, 0x7a, 0xc3, 0xa, 0x0,
    0xf9, 0x48, 0x52, 0x72, 0x93, 0xb4, 0xfa, 0x85,
    0x7, 0x0, 0x0, 0x0,

    /* U+006B "k" */
    0xc3, 0xff, 0xff, 0xea, 0x70, 0x0, 0xf, 0xff,
    0xf8, 0x0, 0x7, 0xff, 0xfc, 0x0, 0x3, 0xff,
    0xbb, 0x53, 0xff, 0xff, 0xe9, 0x40, 0x0, 0xf,
    0xfe, 0x13, 0xfa, 0xb0, 0x0, 0x7, 0x27, 0x4b,
    0x0, 0x0, 0x7f, 0xf0, 0x55, 0x60, 0x40, 0x0,
    0x38, 0xd6, 0xec, 0x8, 0x0, 0x3, 0xff, 0x80,
    0x65, 0x40, 0x2, 0x0, 0x1, 0x88, 0x77, 0x42,
    0x80, 0x0, 0x3f, 0xf8, 0x3, 0x3a, 0xc1, 0x40,
    0x0, 0x18, 0x47, 0xd8, 0x5c, 0x0, 0x3, 0xff,
    0x80, 0x11, 0xa0, 0x36, 0x0, 0x1, 0x81, 0xf4,
    0xa, 0x0, 0x0, 0x3f, 0xf8, 0x35, 0xc6, 0xc0,
    0x0, 0x18, 0x6, 0x84, 0xf8, 0x0, 0x3, 0xff,
    0x82, 0xf8, 0xb2, 0x0, 0x1, 0xd0, 0xcb, 0x20,
    0x0, 0x1f, 0xfc, 0x15, 0x28, 0x20, 0x0, 0xe,
    0x66, 0x78, 0x0, 0x0, 0xff, 0xe0, 0xba, 0xd3,
    0x0, 0x80, 0x0, 0x64, 0x99, 0xa0, 0x0, 0xf,
    0xfe, 0x11, 0x68, 0x58, 0x0, 0x7, 0x45, 0x81,
    0x80, 0x0, 0x7f, 0xf2, 0x7b, 0x81, 0xc0, 0x0,
    0x3f, 0xf9, 0x25, 0x91, 0xa0, 0x0, 0x1f, 0xfc,
    0xa7, 0x73, 0xd0, 0x0, 0xf, 0xfe, 0x10, 0x93,
    0x20, 0x0, 0x7, 0x1, 0x71, 0x86, 0x0, 0x0,
    0x7f, 0xf0, 0x2, 0xb5, 0x66, 0xd, 0xc0, 0x0,
    0x38, 0x86, 0x58, 0x0, 0x3, 0xff, 0x80, 0xba,
    0x70, 0x7, 0xdc, 0x14, 0x0, 0x1, 0xcc, 0xa9,
    0x60, 0x0, 0x1f, 0xf0, 0x78, 0x0, 0x0, 0x9a,
    0x7c, 0x0, 0x3, 0xd5, 0x82, 0x60, 0x0, 0x1f,
    0xfc, 0x26, 0xa4, 0x70, 0x0, 0xe, 0x18, 0xb8,
    0x0, 0x0, 0xff, 0xe1, 0xd1, 0x9, 0x0, 0x0,
    0x72, 0xa2, 0xd0, 0x0, 0x7, 0xff, 0x8, 0x6a,
    0xe8, 0x0, 0x3, 0xd6, 0xa3, 0x80, 0x0, 0x1f,
    0xfc, 0x25, 0x75, 0x90, 0x0, 0xe, 0x10, 0xa6,
    0x1, 0x0, 0x0, 0xff, 0xe1, 0x5b, 0x8d, 0x80,
    0x0, 0x72, 0x2b, 0x58, 0x0, 0x7, 0xff, 0x8,
    0x46, 0x84, 0x4, 0x0, 0x3, 0xa7, 0xc9, 0x80,

    /* U+006C "l" */
    0xc3, 0xff, 0xff, 0xea, 0x70, 0x0, 0xf, 0xff,
    0xf8, 0x0, 0x7, 0xff, 0xfc, 0x0, 0x3, 0xff,
    0xee,

    /* U+006D "m" */
    0x0, 0x0, 0xff, 0x6, 0x20, 0x33, 0x39, 0x27,
    0x91, 0x0, 0x0, 0x7e, 0x14, 0x44, 0x67, 0x77,
    0x5f, 0x25, 0x0, 0x0, 0xee, 0x7f, 0xff, 0xfe,
    0x47, 0x0, 0x8, 0x7a, 0xe0, 0xbf, 0x99, 0x8d,
    0xb0, 0xdc, 0xad, 0x29, 0x0, 0x0, 0xc4, 0x53,
    0x5d, 0x97, 0x73, 0x11, 0x14, 0x1b, 0x59, 0xa8,
    0x80, 0x0, 0x1f, 0xe0, 0xab, 0x48, 0x51, 0x30,
    0x0, 0xc, 0x2, 0xa5, 0x8a, 0x54, 0x0, 0x0,
    0x39, 0xcc, 0x65, 0x7, 0x0, 0x0, 0xe3, 0x2b,
    0xa7, 0x50, 0x0, 0xf, 0xea, 0x4, 0x30, 0x0,
    0xf, 0xc2, 0x79, 0x40, 0xa5, 0x59, 0x82, 0x20,
    0x0, 0x1f, 0x80, 0x62, 0xce, 0x80, 0x0, 0x3e,
    0x39, 0x55, 0x0, 0x0, 0xff, 0xf, 0xa9, 0x4c,
    0x85, 0x0, 0x0, 0x7f, 0x80, 0x7a, 0xc1, 0x0,
    0x0, 0x3d, 0x16, 0x0, 0x0, 0x5, 0x2a, 0xf,
    0x0, 0x0, 0xfa, 0xc5, 0x30, 0x0, 0x0, 0xc,
    0x56, 0x20, 0x0, 0x1, 0xf1, 0x72, 0xc0, 0x0,
    0x7, 0x82, 0x81, 0xa3, 0xff, 0x75, 0x7c, 0x2d,
    0x86, 0x40, 0x0, 0x38, 0x64, 0x0, 0x1e, 0x43,
    0xff, 0x53, 0xbe, 0xf8, 0x78, 0x0, 0x3, 0xdf,
    0xe0, 0x0, 0x1f, 0x4d, 0x38, 0x3, 0x80, 0x0,
    0x12, 0x69, 0x40, 0x0, 0x3e, 0x9e, 0x6f, 0x6,
    0x0, 0x0, 0x20, 0xec, 0x80, 0x0, 0x79, 0xac,
    0x0, 0x3, 0xc4, 0xac, 0x20, 0x0, 0x1c, 0x86,
    0x56, 0x0, 0x1, 0xc3, 0xec, 0x80, 0x0, 0x1c,
    0x70, 0x6e, 0x0, 0x1, 0xc2, 0x80, 0x0, 0x1e,
    0x7e, 0x2, 0x0, 0x0, 0xf3, 0xc0, 0x0, 0x7,
    0x27, 0x81, 0x0, 0x0, 0x79, 0xa8, 0x0, 0x3,
    0x80, 0xc0, 0x0, 0x3c, 0x4e, 0x0, 0x1, 0xf1,
    0xb8, 0x0, 0x7, 0x1f, 0x0, 0x0, 0x7c, 0x5c,
    0x0, 0x1, 0xff, 0xc0, 0xfc, 0x0, 0x0, 0xff,
    0xe0, 0x8f, 0x0, 0x0, 0x7c, 0xe, 0x0, 0x1,
    0xff, 0xff, 0x0, 0x0, 0xff, 0xff, 0x80, 0x0,
    0x7f, 0xff, 0xc0, 0x0, 0x3f, 0xff, 0xe0, 0x0,
    0x1f, 0xff, 0xf0, 0x0, 0xf, 0xff, 0xf8, 0x0,
    0x7, 0xfc,

    /* U+006E "n" */
    0x0, 0x0, 0xff, 0x0, 0x99, 0x2a, 0xba, 0xb7,
    0xab, 0x8c, 0x80, 0x0, 0x77, 0x3f, 0xff, 0xff,
    0x23, 0x80, 0x0, 0xb1, 0xea, 0x66, 0xd5, 0x45,
    0x48, 0x54, 0x73, 0x5f, 0x1b, 0x0, 0x0, 0x7f,
    0x81, 0x68, 0xe7, 0xa, 0x80, 0x0, 0x3c, 0x83,
    0x9a, 0xc6, 0x0, 0x1, 0xfd, 0x3a, 0xba, 0x0,
    0x1, 0xfc, 0x9, 0x3a, 0x86, 0x0, 0x1, 0xf1,
    0xdb, 0x28, 0x0, 0x7, 0xfc, 0x3, 0x3c, 0x4,
    0x0, 0x1, 0xe8, 0x50, 0x20, 0x0, 0x0, 0x69,
    0x0, 0x8, 0x0, 0x7, 0xc4, 0x49, 0xe0, 0x0,
    0x1e, 0x6, 0x0, 0x41, 0xd4, 0xf3, 0xdf, 0xf2,
    0x8f, 0x7, 0x0, 0x0, 0xf6, 0xc0, 0x0, 0x7,
    0xca, 0x77, 0x85, 0x60, 0x20, 0x1, 0x8e, 0x14,
    0x40, 0x0, 0x1e, 0x5f, 0x0, 0x0, 0xf0, 0x45,
    0x90, 0x10, 0x0, 0x7, 0x2d, 0x94, 0x0, 0x0,
    0x71, 0x50, 0x0, 0x7, 0x92, 0x47, 0x80, 0x0,
    0x3c, 0x2, 0xea, 0x0, 0x1, 0xc2, 0x20, 0x0,
    0x1e, 0x29, 0x0, 0x0, 0xfc, 0x46, 0x0, 0x1,
    0xc0, 0x40, 0x0, 0x1e, 0x17, 0x0, 0x0, 0xfd,
    0xec, 0x0, 0x1, 0xff, 0xc0, 0xff, 0x0, 0x0,
    0xff, 0xff, 0x80, 0x0, 0x7f, 0xff, 0xc0, 0x0,
    0x3f, 0xff, 0xe0, 0x0, 0x1f, 0xfe, 0xa0,

    /* U+006F "o" */
    0x0, 0x0, 0xfc, 0x1c, 0x8e, 0xc0, 0xec, 0xe2,
    0xb6, 0x7a, 0xc, 0x0, 0x1, 0xff, 0xc1, 0x1,
    0x53, 0xc0, 0xf5, 0xb8, 0x9f, 0x89, 0x8e, 0xa4,
    0xc2, 0xf5, 0xae, 0x37, 0x0, 0x0, 0xff, 0x13,
    0x66, 0xd6, 0x1f, 0x82, 0x0, 0x0, 0x78, 0x31,
    0x47, 0x22, 0xb4, 0x40, 0x0, 0x3, 0xe4, 0xc,
    0x83, 0x30, 0x0, 0xf, 0xfe, 0x2, 0x96, 0x41,
    0x10, 0x0, 0x7, 0x12, 0x58, 0x88, 0x80, 0x0,
    0x7f, 0xf0, 0x89, 0xfd, 0x2, 0xc0, 0x0, 0x20,
    0x3e, 0xb0, 0xe0, 0x0, 0xe, 0x9, 0x5d, 0x8f,
    0x89, 0x4a, 0x1, 0x0, 0x0, 0xe2, 0x99, 0x60,
    0x0, 0x9, 0x68, 0xc0, 0x0, 0x3, 0x85, 0x71,
    0x68, 0x9c, 0x1d, 0xad, 0x69, 0x1, 0x40, 0x0,
    0x39, 0x80, 0x98, 0x0, 0x1, 0x2c, 0x0, 0x1,
    0xc0, 0x98, 0x66, 0x60, 0x0, 0x19, 0x6a, 0x98,
    0x0, 0x3, 0x80, 0xaf, 0x0, 0x8, 0xc, 0x0,
    0x0, 0x39, 0x70, 0xa4, 0x0, 0x3, 0xcb, 0xc4,
    0x40, 0x0, 0x1c, 0xe6, 0x0, 0x80, 0x0, 0x1,
    0xe9, 0xd0, 0x0, 0xf, 0x80, 0xab, 0x80, 0x0,
    0x38, 0x58, 0xa7, 0xcc, 0x0, 0x3, 0x80, 0x4f,
    0x0, 0x0, 0x3f, 0x27, 0x0, 0x0, 0x79, 0xd0,
    0xd0, 0x0, 0x3, 0x86, 0x41, 0x80, 0x0, 0x3f,
    0xe, 0x80, 0x0, 0x78, 0xb0, 0x70, 0x0, 0x3,
    0x8b, 0x40, 0x0, 0x3f, 0x89, 0x40, 0x80, 0x0,
    0x3b, 0xdc, 0x4, 0x0, 0x3, 0x80, 0xc0, 0x0,
    0x3f, 0x80, 0x40, 0x0, 0x3c, 0x6, 0x3a, 0x0,
    0x1, 0xc5, 0x80, 0x0, 0x1f, 0xc3, 0x60, 0x40,
    0x0, 0x1d, 0xee, 0x68, 0x0, 0x1, 0xc3, 0x0,
    0xa0, 0x0, 0x1f, 0x89, 0x0, 0x0, 0x3c, 0x59,
    0xe2, 0x0, 0x1, 0xc0, 0x46, 0x60, 0x0, 0x1f,
    0x95, 0x0, 0x0, 0x3c, 0xe4, 0x80, 0x0, 0x1,
    0xe9, 0x40, 0x0, 0xf, 0x80, 0x6d, 0x40, 0x0,
    0x38, 0x4c, 0xb4, 0x88, 0xac, 0x0, 0x3, 0x96,
    0xc8, 0xc0, 0x0, 0x3c, 0xae, 0x4a, 0x0, 0x1,
    0xce, 0x60, 0x20, 0x16, 0x80, 0x0, 0x1c, 0xd,
    0x8a, 0x5a, 0x0, 0x1, 0x95, 0x2b, 0x80, 0x0,
    0x38, 0x6, 0xcc, 0x0, 0x0, 0xcc, 0x50, 0x0,
    0x1, 0xc3, 0x3b, 0x16, 0xcf, 0x70, 0xf8, 0x75,
    0x20, 0xe0, 0x0, 0x1c, 0xac, 0x58, 0x0, 0x0,
    0x6, 0xfb, 0xa, 0x0, 0x0, 0xe0, 0xa4, 0x98,
    0x47, 0x83, 0xc0, 0x20, 0x0, 0xe, 0x22, 0xa7,
    0x0, 0x0, 0xc5, 0x97, 0x81, 0x80, 0x0, 0x1f,
    0xfc, 0x22, 0xf, 0x40, 0xf0, 0x0, 0xe, 0x49,
    0xdd, 0x2b, 0x0, 0x0, 0xff, 0xe0, 0x23, 0xe4,
    0x94, 0x80, 0x0, 0x7c, 0x5d, 0xad, 0x46, 0x72,
    0x6, 0x0, 0x1, 0xe0, 0x94, 0xab, 0xfb, 0x81,
    0x60, 0x0, 0xf, 0xe0, 0x25, 0xcc, 0x6e, 0xdb,
    0x59, 0xd8, 0x88, 0xca, 0x1b, 0xff, 0xeb, 0x54,
    0x0, 0x0, 0xf, 0x0,

    /* U+0070 "p" */
    0x0, 0x0, 0xff, 0x8a, 0x94, 0x9c, 0xdb, 0x55,
    0x6, 0xc0, 0x0, 0x3e, 0xe7, 0xff, 0xff, 0xe6,
    0xb0, 0x0, 0x2, 0x7e, 0x36, 0xad, 0x6c, 0x64,
    0x95, 0x5f, 0x2e, 0x19, 0xf8, 0x0, 0x7, 0xff,
    0x0, 0x6, 0x1e, 0xc0, 0xe4, 0x0, 0x3, 0x80,
    0x4f, 0x30, 0x64, 0x40, 0x40, 0x0, 0x3f, 0xcf,
    0xcf, 0x0, 0x0, 0x1f, 0xc0, 0x2d, 0xd2, 0xe0,
    0x0, 0x1f, 0xdf, 0x90, 0xc0, 0x0, 0x1f, 0xfc,
    0x6, 0x95, 0x20, 0x0, 0xf, 0xcd, 0x0, 0xc0,
    0x0, 0x3, 0x5, 0x64, 0x50, 0xa0, 0x0, 0xf,
    0xac, 0x41, 0xc0, 0x0, 0x3f, 0x84, 0x2f, 0xf3,
    0xea, 0x6e, 0xbe, 0x92, 0x40, 0x0, 0x3c, 0x38,
    0xa0, 0x0, 0x1, 0xf8, 0x43, 0xd, 0x0, 0x0,
    0x2, 0xf, 0xb2, 0x54, 0x0, 0x0, 0xf7, 0x0,
    0x0, 0x7, 0xe6, 0xb2, 0xc0, 0x0, 0xe, 0x4,
    0xb4, 0x3, 0x0, 0x0, 0xe4, 0x30, 0x20, 0x0,
    0xf, 0x3, 0x4e, 0x0, 0x0, 0x7c, 0x3e, 0xa8,
    0x0, 0x1, 0xc1, 0x65, 0x0, 0x0, 0x1e, 0x30,
    0x18, 0x0, 0x0, 0xfd, 0x94, 0x0, 0x1, 0xe7,
    0x90, 0x0, 0xf, 0x31, 0x80, 0x0, 0x7f, 0x10,
    0x80, 0x0, 0x78, 0xc0, 0x0, 0x3, 0xc4, 0x20,
    0x0, 0x1f, 0xcc, 0x0, 0x0, 0x1e, 0x17, 0x0,
    0x0, 0xf0, 0x8, 0x0, 0x7, 0xf0, 0x38, 0x0,
    0x7, 0x81, 0x80, 0x0, 0x3c, 0x40, 0x0, 0x1,
    0xfc, 0xce, 0x0, 0x1, 0xe1, 0x10, 0x0, 0xf,
    0x31, 0x80, 0x0, 0x7f, 0x10, 0x80, 0x0, 0x78,
    0xc0, 0x0, 0x3, 0xc6, 0x23, 0x0, 0x0, 0x1f,
    0xb1, 0x0, 0x0, 0x3c, 0xf2, 0x0, 0x1, 0xe0,
    0x79, 0xc0, 0x0, 0xf, 0x87, 0x97, 0x40, 0x0,
    0x38, 0x2c, 0xa0, 0x0, 0x3, 0xe6, 0xb2, 0xd0,
    0x0, 0xe, 0x4, 0xb5, 0x4, 0x0, 0x0, 0xe4,
    0x30, 0x20, 0x0, 0xf, 0x84, 0x37, 0x51, 0x0,
    0x0, 0x21, 0x2b, 0xc5, 0x40, 0x0, 0xf, 0x77,
    0x80, 0x0, 0x7f, 0x7, 0xdd, 0xea, 0xd8, 0x60,
    0x75, 0x23, 0x80, 0x0, 0x78, 0x69, 0x40, 0x0,
    0x3, 0xe5, 0x0, 0x60, 0x0, 0x1, 0x52, 0x79,
    0xf8, 0x38, 0x0, 0x7, 0xd6, 0x1, 0x0, 0x0,
    0x1f, 0x68, 0x41, 0x0, 0x0, 0x7f, 0xf0, 0x19,
    0x55, 0x40, 0x0, 0x3f, 0x9e, 0x9e, 0x40, 0x0,
    0x3f, 0xcc, 0xf3, 0x0, 0x0, 0x1f, 0xe0, 0x18,
    0x6b, 0x33, 0xc0, 0x0, 0xf, 0x1a, 0xdc, 0x4c,
    0x1, 0x0, 0x0, 0x7f, 0xf0, 0x13, 0x30, 0xf6,
    0x2b, 0xa3, 0xa3, 0x95, 0x1b, 0xb9, 0x48, 0xe0,
    0x0, 0x1f, 0xfc, 0x42, 0x75, 0x17, 0x17, 0x12,
    0xb9, 0x10, 0x0, 0x7, 0xff, 0xfc, 0x0, 0x3,
    0xff, 0xd1, 0x81, 0xa9, 0xa9, 0xcd, 0x40, 0x0,
    0x1f, 0xfc, 0x50,

    /* U+0071 "q" */
    0x0, 0x0, 0xf8, 0xb5, 0x65, 0xd1, 0xa9, 0x20,
    0x60, 0x0, 0x3, 0xff, 0x86, 0x2, 0xcb, 0xb1,
    0xa5, 0x4d, 0x17, 0x2b, 0x6f, 0xc5, 0x48, 0x52,
    0x0, 0x0, 0xb7, 0xff, 0xff, 0xe9, 0xb0, 0x0,
    0x8, 0x43, 0x2, 0x68, 0x9c, 0x0, 0x3, 0x81,
    0x56, 0xf6, 0x92, 0x40, 0x0, 0x3f, 0xc1, 0xbb,
    0x27, 0xc0, 0x0, 0x1f, 0xc1, 0x96, 0xa6, 0xe0,
    0x0, 0x1f, 0xd3, 0x6, 0xc0, 0x0, 0x1f, 0xf0,
    0x1f, 0x20, 0x50, 0x0, 0x7, 0xc6, 0x4d, 0x0,
    0x0, 0x1f, 0xf, 0xa8, 0xa7, 0x8c, 0x80, 0x0,
    0xb, 0x10, 0x80, 0x0, 0x3e, 0xac, 0x2, 0x0,
    0x0, 0xe0, 0x29, 0x4e, 0x1a, 0xeb, 0xe, 0x58,
    0x20, 0x0, 0xf, 0xe0, 0xa6, 0xd0, 0x0, 0xf,
    0x55, 0x35, 0x80, 0x80, 0x0, 0x0, 0xdf, 0x65,
    0x80, 0x0, 0x3f, 0x25, 0x6, 0x0, 0x0, 0x71,
    0xc2, 0xb8, 0x0, 0x7, 0x9a, 0x4b, 0x40, 0x0,
    0x3e, 0x34, 0x0, 0x0, 0xf4, 0x80, 0x0, 0x7,
    0xe8, 0xc0, 0x0, 0xf, 0xba, 0x40, 0x0, 0x3c,
    0x84, 0x0, 0x1, 0xf9, 0x24, 0x0, 0x3, 0xe3,
    0x0, 0x0, 0xe, 0x8, 0x15, 0x0, 0x0, 0xfc,
    0x2e, 0x12, 0x0, 0x1, 0xe1, 0x0, 0x0, 0xe,
    0x2d, 0x0, 0x0, 0xff, 0x10, 0x80, 0x0, 0x78,
    0x18, 0x0, 0x3, 0x80, 0xc0, 0x0, 0x3f, 0xc1,
    0xe0, 0x0, 0x1e, 0x17, 0x0, 0x0, 0xe2, 0xe0,
    0x0, 0xf, 0xf1, 0x70, 0x0, 0x7, 0x8d, 0xc0,
    0x0, 0x38, 0x20, 0x54, 0x0, 0x3, 0xf0, 0xb0,
    0x48, 0x0, 0x7, 0xba, 0xc0, 0x0, 0x3c, 0x84,
    0x0, 0x1, 0xf9, 0x34, 0x0, 0x3, 0xe4, 0xd0,
    0x0, 0xf, 0x4f, 0x80, 0x0, 0x7e, 0x94, 0x0,
    0x0, 0xf8, 0xd0, 0x38, 0x0, 0x3, 0x8d, 0xd6,
    0x80, 0x0, 0x3c, 0xce, 0x60, 0x0, 0x1, 0xf0,
    0x4b, 0x50, 0x0, 0x7, 0xa9, 0xdc, 0x0, 0x80,
    0x0, 0x0, 0x8f, 0xd3, 0x0, 0x0, 0x1f, 0xd5,
    0x60, 0x40, 0x0, 0x1c, 0x5, 0x1f, 0xcd, 0x69,
    0x6d, 0xdb, 0x2, 0x0, 0x1, 0xfe, 0x30, 0x68,
    0x0, 0x0, 0xf8, 0x6d, 0x2d, 0x24, 0x58, 0x0,
    0x0, 0x64, 0x52, 0x0, 0x1, 0xfa, 0x60, 0xd0,
    0x0, 0x3, 0xfe, 0x3, 0xfe, 0x19, 0x0, 0x0,
    0xfc, 0x1b, 0xb2, 0x74, 0x0, 0x1, 0xfc, 0x1d,
    0x76, 0x66, 0x0, 0x1, 0xfe, 0x12, 0xc7, 0x92,
    0x21, 0x0, 0x0, 0xe0, 0x75, 0xfd, 0x74, 0x70,
    0x0, 0xf, 0xfe, 0x0, 0x13, 0x6e, 0xf6, 0x5d,
    0xc, 0x44, 0xc5, 0xcf, 0x65, 0x1, 0x30, 0x0,
    0x7, 0xff, 0x10, 0xd1, 0x79, 0xdd, 0x9d, 0x18,
    0x50, 0x0, 0x3, 0xff, 0xfe, 0x0, 0x1, 0xff,
    0xfd, 0xec, 0xd4, 0xd4, 0xe8, 0x10,

    /* U+0072 "r" */
    0x0, 0x0, 0xfe, 0x5, 0x42, 0x6a, 0x73, 0x3e,
    0xe7, 0xff, 0xff, 0xe4, 0x70, 0x4, 0x5d, 0xfb,
    0xd9, 0x58, 0xce, 0x90, 0x0, 0xf, 0x8e, 0xef,
    0x49, 0x40, 0x0, 0x3f, 0xc1, 0x9b, 0x40, 0xe0,
    0x0, 0x1f, 0xf6, 0x90, 0xf0, 0x0, 0x7, 0xff,
    0x1, 0x8c, 0x0, 0x3, 0xff, 0x82, 0xa, 0x0,
    0x35, 0x39, 0xa5, 0xef, 0xd3, 0xd8, 0x0, 0x1,
    0xf1, 0xb7, 0xa3, 0x19, 0x68, 0x40, 0xb1, 0xd8,
    0x0, 0x7, 0x80, 0x7e, 0x84, 0x40, 0x0, 0x3f,
    0xe3, 0x63, 0x30, 0x0, 0xf, 0xfe, 0x3, 0x48,
    0x0, 0x7, 0xff, 0x4, 0x88, 0x0, 0x3, 0xff,
    0x83, 0xf8, 0x0, 0x1, 0xff, 0xff, 0x0, 0x0,
    0xff, 0xff, 0x80, 0x0, 0x7f, 0xf3, 0x40,

    /* U+0073 "s" */
    0x0, 0x0, 0xf0, 0x9, 0x42, 0xc3, 0x63, 0xdb,
    0x82, 0xf1, 0x88, 0x20, 0x0, 0x7, 0xfc, 0x45,
    0x1f, 0xd5, 0xaf, 0x4f, 0x27, 0x9, 0x1f, 0x43,
    0x9d, 0xef, 0x3a, 0x5c, 0x0, 0x1, 0xf9, 0xdb,
    0x55, 0xc0, 0x50, 0x0, 0x3, 0xe0, 0xc6, 0x2d,
    0x28, 0xa0, 0x20, 0x0, 0xe, 0x8d, 0x89, 0x8,
    0x0, 0x0, 0xff, 0x80, 0xdd, 0x69, 0xc0, 0x0,
    0x32, 0x6b, 0x90, 0x0, 0x7, 0xff, 0xd, 0x69,
    0x90, 0x0, 0x2, 0x81, 0x0, 0x0, 0xe1, 0x49,
    0x3d, 0xff, 0x7d, 0xd9, 0x81, 0xb0, 0x0, 0xe,
    0x80, 0x2, 0x0, 0x1e, 0x33, 0x0, 0x0, 0xed,
    0xc6, 0xc2, 0x0, 0x82, 0x26, 0x7c, 0x1, 0x0,
    0x0, 0xc, 0x36, 0x70, 0x0, 0xbc, 0x0, 0x1,
    0xc2, 0x86, 0xe0, 0x0, 0x1c, 0x48, 0xe6, 0x0,
    0x1, 0xcb, 0x0, 0xf, 0xa0, 0x0, 0x1c, 0x2a,
    0x5c, 0x0, 0x1, 0xe8, 0xcd, 0xcd, 0xce, 0x72,
    0x0, 0x2c, 0x0, 0x0, 0xe0, 0x1c, 0x26, 0xd1,
    0x30, 0x0, 0xc, 0x20, 0x46, 0x47, 0xc2, 0x0,
    0x2, 0x25, 0x0, 0x0, 0x1c, 0x27, 0x25, 0xdf,
    0x99, 0x2a, 0xbc, 0x4e, 0x2, 0x0, 0x1, 0xfa,
    0x48, 0x0, 0x3, 0xe0, 0x33, 0x36, 0xaa, 0x1d,
    0x8e, 0xca, 0x95, 0x70, 0x70, 0x0, 0xe, 0x45,
    0x75, 0x0, 0x0, 0xff, 0x84, 0x95, 0xaa, 0x39,
    0x12, 0x0, 0x0, 0x3a, 0x2a, 0xb4, 0x48, 0x0,
    0x3, 0xff, 0x80, 0x39, 0x6f, 0xc, 0x0, 0x1,
    0xca, 0x5f, 0xb3, 0x88, 0x60, 0x40, 0x0, 0x1f,
    0xf3, 0xc1, 0xd8, 0x0, 0x7, 0x8, 0x31, 0xde,
    0x77, 0x59, 0x3c, 0x1f, 0x4, 0x80, 0x0, 0x7c,
    0x3, 0x2, 0x0, 0x1, 0xf8, 0x4d, 0x36, 0x1f,
    0x7, 0xce, 0xe5, 0x3c, 0x0, 0x3, 0xcb, 0xe0,
    0x5, 0x45, 0xe5, 0xfc, 0x24, 0x0, 0x1, 0x81,
    0x51, 0xac, 0x18, 0x40, 0x0, 0x38, 0x68, 0x2b,
    0x8f, 0x43, 0x43, 0xa1, 0x40, 0x0, 0x3e, 0xc1,
    0x0, 0x0, 0xe0, 0x70, 0xb5, 0xd0, 0x0, 0xe,
    0x65, 0x2d, 0x0, 0x0, 0xf7, 0xb8, 0x0, 0x7,
    0x1a, 0x80, 0xd3, 0x0, 0x0, 0x70, 0x6e, 0x33,
    0xa9, 0x20, 0x30, 0x79, 0xcd, 0x3a, 0xb8, 0x0,
    0x7, 0x5e, 0x0, 0x19, 0x2e, 0x80, 0x0, 0x70,
    0xa4, 0x56, 0xdf, 0xcf, 0x86, 0x32, 0xc0, 0x0,
    0x7, 0x13, 0xbc, 0x0, 0x0, 0x2b, 0xe, 0x0,
    0x0, 0x3f, 0xf8, 0x63, 0x1e, 0x81, 0x20, 0x0,
    0x0, 0xec, 0xc6, 0x0, 0x10, 0x0, 0xf, 0xfe,
    0x2, 0x6, 0x31, 0x60, 0x0, 0x6, 0xb, 0x9f,
    0xc9, 0x5e, 0xb, 0x0, 0x0, 0xf8, 0x15, 0x32,
    0xc6, 0xfc, 0x84, 0x0, 0x3, 0xe3, 0x7a, 0x1f,
    0xd, 0xa, 0x39, 0x18, 0x38, 0xe9, 0xec, 0x6f,
    0x2b, 0x34, 0xe0, 0x0, 0xe,

    /* U+0074 "t" */
    0x0, 0x0, 0x8c, 0xff, 0xff, 0xfc, 0x6e, 0x0,
    0x1, 0xff, 0xf4, 0x83, 0xff, 0xff, 0x66, 0x0,
    0x0, 0x7b, 0x23, 0xff, 0xfe, 0x8f, 0x0, 0x0,
    0xff, 0xf0, 0xf7, 0x16, 0x16, 0x8, 0xc0, 0x0,
    0x3c, 0x44, 0x58, 0x59, 0x7c, 0x36, 0xe9, 0xe9,
    0xbb, 0xc0, 0x0, 0x3d, 0xd5, 0xa7, 0xa7, 0x3b,
    0x80, 0x0, 0x7f, 0xff, 0xc0, 0x0, 0x3f, 0xff,
    0xe0, 0x0, 0x1f, 0xe0, 0xa0, 0x0, 0xf, 0x80,
    0x80, 0x0, 0x3c, 0xb6, 0x0, 0x1, 0xf0, 0x90,
    0x0, 0x7, 0xa1, 0xc, 0xc0, 0x0, 0x3c, 0x48,
    0xe, 0x0, 0x1, 0xc3, 0xb9, 0x9e, 0x1d, 0x10,
    0xe0, 0x0, 0x10, 0x3a, 0x10, 0x0, 0x7, 0xc1,
    0xe2, 0xe1, 0x80, 0x0, 0x1a, 0x1c, 0xc, 0x0,
    0x3, 0xff, 0x82, 0x7b, 0x42, 0x16, 0x0, 0x1,
    0xff, 0xc1, 0x5d, 0xef, 0x86, 0x45, 0x1c, 0xb,
    0x2, 0xa, 0x1d, 0xe7,

    /* U+0075 "u" */
    0x3, 0xff, 0xff, 0xf3, 0x18, 0x0, 0x7, 0xe9,
    0x3f, 0xff, 0xfe, 0xd7, 0x0, 0x0, 0xff, 0xff,
    0x80, 0x0, 0x7f, 0xff, 0xc0, 0x0, 0x3f, 0xff,
    0xe0, 0x0, 0x1f, 0xff, 0x70, 0x70, 0x0, 0xf,
    0xfe, 0x8, 0x70, 0x0, 0x7, 0xe3, 0xf0, 0x0,
    0xf, 0x0, 0x80, 0x0, 0x7b, 0x8c, 0x0, 0x3,
    0xf3, 0xd0, 0x0, 0x7, 0x80, 0x83, 0xc0, 0x0,
    0x39, 0x20, 0x0, 0x3, 0xe2, 0xa2, 0xd0, 0x0,
    0xf, 0x89, 0xc0, 0x0, 0x38, 0xe5, 0x30, 0x0,
    0x3, 0x80, 0xe4, 0x80, 0xc0, 0x0, 0x3e, 0x4b,
    0x0, 0x0, 0xf5, 0xc3, 0x50, 0x60, 0x0, 0x11,
    0x7e, 0x3a, 0x38, 0x0, 0x7, 0xed, 0x0, 0x0,
    0xf, 0x5, 0xca, 0xf9, 0x70, 0xfb, 0x68, 0x1d,
    0x80, 0x3, 0x80, 0x0, 0x7c, 0x9a, 0x58, 0x0,
    0x1, 0xf0, 0x8, 0xf0, 0x58, 0x0, 0x0, 0x11,
    0xf0, 0x0, 0x3, 0xe0, 0x1e, 0x20, 0x80, 0x0,
    0xf, 0xf9, 0xbf, 0x7c, 0x0, 0x3, 0xf1, 0x8d,
    0x80, 0x70, 0x0, 0x7, 0xf2, 0xa4, 0x88, 0x0,
    0x7, 0xf9, 0x1f, 0x41, 0x74, 0x14, 0x0, 0x3,
    0x87, 0x23, 0x6a, 0x1, 0x40, 0x0, 0x3f, 0xe2,
    0x1a, 0x2f, 0x7b, 0x49, 0x48, 0x6a, 0x1c, 0x3e,
    0x67, 0x20, 0x30, 0x5, 0xbf, 0xff, 0xfe, 0xd7,

    /* U+0076 "v" */
    0xb5, 0xff, 0xff, 0xf1, 0x28, 0x0, 0x7, 0xe3,
    0x6f, 0xff, 0xff, 0x39, 0xf5, 0x80, 0x0, 0x79,
    0x3c, 0x0, 0x3, 0xf2, 0x68, 0x0, 0x7, 0x9b,
    0x14, 0x1, 0xc0, 0x0, 0x3b, 0x14, 0x0, 0x3,
    0xf6, 0x20, 0x0, 0x7, 0x1c, 0xf, 0x87, 0x24,
    0x0, 0x0, 0x72, 0xf8, 0x18, 0x0, 0x7, 0x82,
    0x91, 0x80, 0x0, 0x3a, 0xdc, 0x0, 0x1, 0xd2,
    0x0, 0x1, 0xc1, 0xe7, 0x60, 0x0, 0x1e, 0x42,
    0x6, 0x0, 0x0, 0xc0, 0x2d, 0x80, 0x0, 0x5,
    0x20, 0x90, 0x0, 0xe, 0x45, 0x0, 0x0, 0xf6,
    0x28, 0x0, 0x7, 0x1d, 0xe, 0x0, 0x0, 0x2,
    0xd7, 0x40, 0x0, 0x3a, 0xfc, 0x0, 0x3, 0xcb,
    0x80, 0x0, 0x1d, 0x52, 0x0, 0x1, 0xbf, 0xc0,
    0x0, 0x38, 0xe0, 0x30, 0x0, 0x3, 0xb, 0x97,
    0x80, 0x0, 0x60, 0x27, 0x70, 0x0, 0xc, 0xba,
    0x18, 0x0, 0x1, 0x81, 0x51, 0xc0, 0x0, 0x32,
    0x68, 0x8, 0x0, 0x6, 0x3c, 0x1a, 0x0, 0x0,
    0xc1, 0x2a, 0xa0, 0x0, 0x1d, 0xb6, 0x0, 0x1,
    0xb1, 0x40, 0x0, 0x3a, 0xac, 0x0, 0x3, 0xdd,
    0x20, 0x0, 0x1c, 0x88, 0x0, 0x1, 0x9f, 0x0,
    0x0, 0x30, 0x13, 0xe8, 0x0, 0x7, 0x92, 0x3,
    0xc0, 0x0, 0x31, 0x58, 0xd0, 0x0, 0x0, 0xa0,
    0x70, 0x0, 0x3, 0x21, 0x8b, 0x80, 0x0, 0x78,
    0x1d, 0x44, 0x0, 0x3, 0x91, 0x0, 0x0, 0x8,
    0x80, 0x0, 0x1d, 0xb2, 0x0, 0x1, 0xfb, 0xac,
    0x0, 0x3, 0xbf, 0x40, 0x0, 0x1b, 0xa0, 0x0,
    0x18, 0xd, 0xc8, 0x0, 0x3, 0xf2, 0x78, 0x90,
    0x0, 0x6, 0x44, 0x0, 0x4, 0x40, 0x0, 0x0,
    0xc8, 0xe2, 0xa0, 0x0, 0x1f, 0x81, 0x5c, 0x40,
    0x0, 0x30, 0xc1, 0x61, 0xf0, 0x70, 0x0, 0x6,
    0xdf, 0x0, 0x0, 0xff, 0x6c, 0x80, 0x0, 0x72,
    0xea, 0x20, 0x0, 0x6, 0x4, 0x77, 0x0, 0x0,
    0xff, 0x23, 0xa, 0x80, 0x0, 0x6c, 0x4b, 0xd0,
    0x0, 0xc, 0x86, 0x26, 0x0, 0x1, 0xfe, 0x3,
    0x7d, 0x0, 0x0, 0xc9, 0xa7, 0x0, 0x0, 0x1b,
    0x64, 0x0, 0x3, 0xff, 0x81, 0xae, 0x0, 0x1,
    0x81, 0xc1, 0x0, 0x0, 0x20, 0x57, 0x0, 0x0,
    0xf, 0xfe, 0x2, 0x10, 0xc8, 0x0, 0x7, 0xe4,
    0xf1, 0x10, 0x0, 0xf, 0xfe, 0x0, 0x13, 0xa0,
    0x0, 0x7, 0xee, 0xb0, 0x0, 0xf, 0xfe, 0x15,
    0x48, 0x0, 0x7, 0xc0, 0xca, 0x20, 0x0, 0x1f,
    0xfc, 0x23, 0xa1, 0xd0, 0x0, 0xf, 0x25, 0x87,
    0x80, 0x0, 0x7c,

    /* U+0077 "w" */
    0x73, 0xff, 0xff, 0xef, 0x50, 0x30, 0x0, 0xf,
    0x2f, 0x7f, 0xff, 0xf7, 0xc8, 0x40, 0x0, 0x7,
    0x92, 0xbf, 0xff, 0xfb, 0xe0, 0x25, 0xc, 0x0,
    0x3, 0x82, 0x8b, 0xc0, 0x0, 0x3d, 0x88, 0x0,
    0x1, 0xc0, 0xc6, 0xa0, 0x0, 0x1e, 0x37, 0x0,
    0x0, 0xe4, 0x70, 0x93, 0x11, 0x40, 0x0, 0xe,
    0x73, 0x0, 0x0, 0xf2, 0x60, 0x0, 0x7, 0x91,
    0xc0, 0x0, 0x3d, 0x98, 0x0, 0x1, 0xd8, 0x60,
    0x0, 0x28, 0x20, 0x0, 0x1d, 0x9a, 0x0, 0x1,
    0xc2, 0x65, 0x0, 0x0, 0x1e, 0xcc, 0x0, 0x0,
    0xf2, 0xa0, 0x0, 0x7, 0x22, 0x80, 0x0, 0x33,
    0x40, 0x0, 0x39, 0x5c, 0x0, 0x3, 0x97, 0x0,
    0x40, 0x0, 0x3c, 0x8c, 0x4, 0x0, 0x1, 0x86,
    0x6, 0x80, 0x0, 0x30, 0x61, 0xe8, 0x0, 0x1,
    0xc, 0x0, 0x3, 0x8c, 0xc0, 0xc0, 0x0, 0x36,
    0x20, 0x0, 0x7, 0xc1, 0xe5, 0xa0, 0x0, 0x19,
    0x50, 0x0, 0x3, 0x91, 0xc1, 0x0, 0x0, 0x4,
    0x83, 0xc0, 0x0, 0x18, 0x24, 0xbc, 0x0, 0x3,
    0x26, 0x0, 0x0, 0x7e, 0x43, 0x0, 0x0, 0xd9,
    0x80, 0x0, 0x1d, 0x8a, 0x0, 0x1, 0x9f, 0x80,
    0x0, 0x39, 0xcc, 0x0, 0x2, 0x9, 0x3d, 0x0,
    0x0, 0x96, 0x80, 0x0, 0x36, 0x20, 0x0, 0x6,
    0x33, 0x0, 0x0, 0xe5, 0xe0, 0x0, 0xd, 0x86,
    0x0, 0x1, 0xd9, 0xa0, 0x0, 0x12, 0x48, 0x28,
    0x0, 0x5, 0xd2, 0x54, 0x0, 0x1, 0x26, 0x80,
    0x0, 0x65, 0x40, 0x0, 0xc, 0x28, 0x5c, 0x0,
    0x1, 0x91, 0x40, 0x0, 0x39, 0x50, 0x0, 0x2,
    0x3c, 0x0, 0x0, 0x80, 0x97, 0x10, 0x0, 0x0,
    0x21, 0xa2, 0x10, 0x0, 0x0, 0xd8, 0xc0, 0x0,
    0x6, 0x42, 0x1, 0x0, 0x0, 0xc3, 0x25, 0x20,
    0x0, 0x18, 0xc0, 0xc, 0x0, 0x1, 0x88, 0x0,
    0x1, 0x18, 0x88, 0x60, 0x80, 0x0, 0x67, 0xf0,
    0x0, 0x2, 0xa8, 0x0, 0x7, 0x67, 0x0, 0x0,
    0x79, 0x14, 0x0, 0x3, 0x4, 0x97, 0x80, 0x1,
    0x24, 0x80, 0x0, 0x48, 0x0, 0x8, 0x20, 0x0,
    0x1b, 0x10, 0x0, 0x1, 0x98, 0x0, 0x1, 0xc8,
    0x60, 0x0, 0x1e, 0xc2, 0x0, 0x0, 0xe7, 0x30,
    0x3, 0x30, 0xe0, 0x0, 0xb, 0x0, 0x0, 0x54,
    0xac, 0x0, 0x2, 0x4c, 0x0, 0x0, 0x1a, 0x0,
    0x0, 0x61, 0xd2, 0x40, 0x0, 0xf, 0x20, 0x81,
    0x0, 0x0, 0x6c, 0xc0, 0x5, 0xc0, 0x0, 0x8,
    0x9, 0xc, 0x0, 0x0, 0x8e, 0x0, 0x1, 0x14,
    0x8a, 0x0, 0x2e, 0x0, 0x0, 0x67, 0xd0, 0x0,
    0xf, 0x84, 0xd, 0x80, 0x0, 0x32, 0xa8, 0x6,
    0x20, 0x0, 0x4, 0x62, 0x1e, 0x0, 0x0, 0xc0,
    0x0, 0x0, 0xcb, 0x63, 0xa2, 0xa0, 0x0, 0x1b,
    0xc, 0x0, 0x3, 0xf2, 0x18, 0x0, 0x6, 0x30,
    0x3, 0x4c, 0x0, 0x0, 0x90, 0x0, 0x0, 0x24,
    0x70, 0x10, 0x0, 0xb, 0xd, 0x30, 0x0, 0x3,
    0x91, 0x80, 0x0, 0x3f, 0x66, 0x80, 0x0, 0x60,
    0x94, 0xc1, 0xa0, 0x0, 0xb, 0x1c, 0x0, 0x2,
    0x14, 0x2c, 0x0, 0x0, 0x91, 0x35, 0x0, 0x0,
    0x31, 0x40, 0xd0, 0x0, 0x7, 0xe4, 0xc0, 0x60,
    0x0, 0xd, 0x18, 0x0, 0x1, 0x1, 0xa2, 0x0,
    0x0, 0x64, 0x0, 0x0, 0x8, 0xc9, 0x8, 0x0,
    0x3, 0x21, 0x80, 0x0, 0x7f, 0x4, 0x9c, 0x80,
    0x0, 0x63, 0xc0, 0x0, 0x8, 0xdc, 0x3c, 0x0,
    0x3, 0x60, 0x0, 0x0, 0x40, 0xa7, 0x0, 0x0,
    0x1b, 0x14, 0x0, 0x3, 0xfd, 0x7a, 0x0, 0x1,
    0xf9, 0x0, 0x0, 0x3, 0x90, 0x40, 0x40, 0x0,
    0x3e, 0x2, 0x43, 0x0, 0x0, 0xff, 0x23, 0x80,
    0x0, 0x7e, 0xc0, 0x0, 0x0, 0xe1, 0x32, 0xf0,
    0x0, 0xf, 0x8c, 0x44, 0x80, 0x0, 0x3f, 0xc7,
    0xc1, 0xa0, 0x0, 0x1e, 0x3, 0x44, 0x0, 0x0,
    0xf2, 0x0, 0x0, 0x7, 0xc8, 0xa0, 0x0, 0x1f,
    0xf0, 0x22, 0x30, 0x0, 0x7, 0x8d, 0xc3, 0xc0,
    0x0, 0x3d, 0x82, 0x0, 0x1, 0xf6, 0x70, 0x0,
    0x7, 0xff, 0x3, 0x14, 0x0, 0x3, 0xc8, 0x0,
    0x0, 0x1f, 0x21, 0x0, 0x80, 0x0, 0x70, 0x2a,
    0x60, 0x0, 0x7, 0x80,

    /* U+0078 "x" */
    0x2e, 0xfc, 0xff, 0xff, 0xef, 0x1, 0x20, 0x0,
    0xf, 0x5, 0xf5, 0x7f, 0xff, 0xf7, 0x50, 0x91,
    0x73, 0x90, 0x0, 0x7, 0x7, 0xcd, 0x0, 0x0,
    0x79, 0xc8, 0x54, 0x0, 0x3, 0xad, 0xc4, 0x80,
    0x20, 0xc6, 0x80, 0x0, 0x39, 0xf4, 0x64, 0x0,
    0x3, 0x7, 0xcb, 0x80, 0x0, 0x72, 0xa, 0xe8,
    0x0, 0x0, 0x36, 0xc8, 0x0, 0x3, 0x82, 0xa3,
    0x40, 0x0, 0x34, 0x70, 0x88, 0x0, 0x6, 0x7,
    0x99, 0x0, 0x0, 0xca, 0xe8, 0x80, 0x0, 0x1c,
    0xdc, 0x42, 0x0, 0x0, 0x12, 0x70, 0x0, 0x0,
    0xe7, 0x82, 0x70, 0x0, 0xe, 0x9d, 0x6, 0x0,
    0x0, 0xc0, 0xb0, 0x20, 0x0, 0x9, 0xa0, 0xe0,
    0x0, 0xc, 0x4b, 0xe, 0x0, 0x1, 0xe2, 0x67,
    0xa0, 0x0, 0xe, 0x5d, 0x2a, 0x17, 0x7d, 0x0,
    0x0, 0xe9, 0x90, 0x70, 0x0, 0xf, 0xa2, 0x88,
    0x0, 0x0, 0x30, 0x14, 0x3c, 0xc0, 0x50, 0x0,
    0x6, 0x5c, 0x43, 0x0, 0x0, 0xfc, 0x13, 0x26,
    0x0, 0x1, 0xca, 0x4e, 0x80, 0x0, 0x18, 0x46,
    0xd4, 0x0, 0x3, 0xfc, 0x98, 0x9e, 0x0, 0x1,
    0xc0, 0x80, 0x0, 0x1a, 0x20, 0x58, 0x0, 0x3,
    0xfe, 0xaf, 0xa, 0x0, 0x0, 0xfc, 0x72, 0xce,
    0x0, 0x1, 0xff, 0xc0, 0x1f, 0x8c, 0x0, 0x0,
    0xf8, 0x7, 0xac, 0x4, 0x0, 0x3, 0xff, 0x82,
    0x2a, 0x0, 0x1, 0xf0, 0xb, 0xe0, 0x0, 0x7,
    0xff, 0x4, 0x62, 0x70, 0x0, 0x3, 0xf5, 0x80,
    0x50, 0x0, 0x7, 0xff, 0x2, 0xfc, 0x3c, 0x0,
    0x3, 0xf0, 0xf4, 0x70, 0x0, 0x7, 0xfc, 0x8a,
    0xb0, 0x0, 0x1, 0x82, 0x0, 0x0, 0x39, 0xf4,
    0x94, 0x0, 0x3, 0xf8, 0x22, 0x78, 0x0, 0x3,
    0xae, 0x8a, 0x0, 0x0, 0x30, 0x34, 0x90, 0x0,
    0x7, 0xf4, 0x49, 0x20, 0x0, 0x6, 0x41, 0x4d,
    0x98, 0x0, 0x0, 0xe4, 0x85, 0x10, 0x0, 0xf,
    0x89, 0x9e, 0x40, 0x0, 0x3a, 0x2c, 0x1, 0x3c,
    0xf4, 0x0, 0x3, 0xac, 0x42, 0x80, 0x0, 0x3d,
    0x34, 0xe, 0x0, 0x1, 0x95, 0x8d, 0x40, 0x0,
    0x1e, 0x80, 0x0, 0x1c, 0x3f, 0x1c, 0x0, 0x1,
    0xcb, 0x68, 0x60, 0x0, 0x18, 0x16, 0x30, 0x0,
    0x2, 0x36, 0x56, 0x0, 0x0, 0xe7, 0xc2, 0x50,
    0x0, 0x8, 0x42, 0xcc, 0x0, 0x3, 0x9b, 0x89,
    0x40, 0x0, 0x34, 0x58, 0x30, 0x0, 0x6, 0x7,
    0x92, 0x0, 0x0, 0xa1, 0xc5, 0xc0, 0x0, 0x30,
    0x64, 0x18, 0x0, 0x7, 0x11, 0x3b, 0x0, 0x0,
    0x72, 0x42, 0x80, 0x1, 0xb3, 0x50, 0x0, 0x7,
    0x39, 0x8b, 0x80, 0x0, 0x7a, 0x74, 0x40, 0x0,
    0x3, 0xac, 0x2, 0x80,

    /* U+0079 "y" */
    0x97, 0xff, 0xff, 0xf3, 0x70, 0x0, 0x7, 0xf5,
    0xbf, 0xff, 0xff, 0x7b, 0x86, 0xd5, 0x0, 0x0,
    0x7b, 0x68, 0x0, 0x3, 0xf0, 0x3a, 0x10, 0x0,
    0x7, 0x2d, 0x6, 0x9e, 0xe, 0x80, 0x0, 0x72,
    0x0, 0x30, 0x0, 0x7, 0xc8, 0x81, 0x40, 0x0,
    0x1d, 0xf6, 0x0, 0x2, 0xd6, 0x0, 0x1, 0xc1,
    0x68, 0xe0, 0x0, 0x1f, 0x65, 0x0, 0x0, 0x70,
    0x5a, 0xe0, 0x0, 0x2, 0x98, 0x0, 0x3, 0xd8,
    0xc0, 0x0, 0x1f, 0x23, 0x0, 0x0, 0x72, 0xe0,
    0x50, 0x0, 0x0, 0xbc, 0xa8, 0x0, 0x3, 0x92,
    0x40, 0x0, 0x3c, 0x2e, 0x62, 0x0, 0x1, 0xdf,
    0x20, 0x0, 0x1a, 0xa4, 0x0, 0x3, 0x8c, 0x5,
    0x80, 0x0, 0x39, 0x30, 0x4, 0x0, 0x3, 0x6,
    0xac, 0x80, 0x0, 0x65, 0xf0, 0x0, 0xe, 0x1,
    0x4c, 0x0, 0x0, 0xef, 0x90, 0x0, 0xe, 0x51,
    0x8, 0x0, 0x0, 0xc4, 0x66, 0xe0, 0x0, 0x1d,
    0xf6, 0x0, 0x1, 0xc8, 0xa0, 0x0, 0x1d, 0xde,
    0x0, 0x1, 0xea, 0x60, 0x0, 0xe, 0x46, 0x0,
    0x0, 0xc5, 0xc3, 0x0, 0x0, 0x18, 0x41, 0x28,
    0x0, 0x3, 0xce, 0xc0, 0x60, 0x0, 0x18, 0x60,
    0xb4, 0x0, 0x2, 0x5a, 0x0, 0x0, 0xe7, 0x10,
    0x60, 0x0, 0xf, 0xc, 0x23, 0x0, 0x0, 0x72,
    0xc8, 0x0, 0x5, 0x9c, 0x0, 0x1, 0xdb, 0x20,
    0x0, 0x1f, 0xb6, 0xc0, 0x0, 0x3b, 0x38, 0x0,
    0x0, 0x12, 0x9a, 0x0, 0x1, 0x84, 0xd0, 0xc0,
    0x0, 0x3f, 0x37, 0x3, 0x80, 0x0, 0x64, 0xd0,
    0x90, 0x4, 0xf0, 0x80, 0x0, 0xc, 0xea, 0x8,
    0x0, 0x1, 0xf8, 0x3d, 0x54, 0x0, 0x3, 0x4,
    0x27, 0x0, 0x65, 0x80, 0x0, 0x76, 0xd8, 0x0,
    0x7, 0xfb, 0xf8, 0x0, 0x3, 0xb2, 0x80, 0x17,
    0x80, 0x0, 0x30, 0xba, 0x8, 0x0, 0x7, 0xf9,
    0x6c, 0x38, 0x0, 0x3, 0x2c, 0x8d, 0x16, 0x0,
    0x0, 0x67, 0xc0, 0x30, 0x0, 0xf, 0xf0, 0x43,
    0x70, 0x0, 0x6, 0x2b, 0x61, 0x0, 0x0, 0xea,
    0x90, 0x0, 0xf, 0xfe, 0x6, 0xc8, 0x0, 0x7,
    0x47, 0x80, 0x0, 0x61, 0xa3, 0xc0, 0x0, 0xf,
    0xfe, 0x2, 0x28, 0xb8, 0x0, 0x6, 0xb, 0x0,
    0x0, 0xcd, 0x40, 0x20, 0x0, 0x1f, 0xfc, 0x0,
    0x37, 0xa0, 0x0, 0xf, 0xeb, 0x70, 0x0, 0xf,
    0xfe, 0x15, 0x50, 0x0, 0x7, 0xe1, 0xe3, 0x90,
    0x0, 0xf, 0xfe, 0x11, 0xc1, 0x8, 0x0, 0x7,
    0xcd, 0x40, 0x20, 0x0, 0x1f, 0xfc, 0x34, 0x0,
    0x0, 0xf, 0xaf, 0xc0, 0x0, 0x3f, 0xf8, 0x8a,
    0xa0, 0x0, 0x1e, 0x2a, 0x34, 0x0, 0x0, 0xff,
    0xe1, 0x9a, 0x1a, 0x0, 0x0, 0x3d, 0x4e, 0x0,
    0x1, 0xff, 0xc2, 0xa, 0x55, 0xd2, 0x0, 0x0,
    0xf0, 0x9b, 0xe0, 0x0, 0x7, 0xfc, 0x99, 0xdd,
    0xe5, 0xeb, 0x54, 0x32, 0x0, 0x1, 0xe9, 0xc0,
    0xe0, 0x0, 0xf, 0xf8, 0xc, 0x44, 0x34, 0x0,
    0x3, 0xf2, 0x23, 0x90, 0x0, 0x7, 0xff, 0x28,
    0xea, 0xa8, 0x8, 0x0, 0x3, 0xff, 0x90, 0xc,
    0xef, 0x98, 0x22, 0x0, 0x1, 0xff, 0xc4, 0x4,
    0x11, 0x27, 0x53, 0x92, 0xee, 0x88, 0x9, 0x0,
    0x0, 0xff, 0xe0, 0x0,

    /* U+007A "z" */
    0x2b, 0xff, 0xff, 0xff, 0xe3, 0x69, 0x80, 0x0,
    0x7f, 0xfd, 0x3, 0x7, 0x7, 0x3f, 0xe0, 0xa0,
    0x0, 0xf, 0x29, 0x80, 0x13, 0xf1, 0xf1, 0xff,
    0xbd, 0x44, 0x0, 0x0, 0x38, 0xfe, 0xc, 0x0,
    0x3, 0xfe, 0x2, 0xaa, 0x1a, 0x0, 0x0, 0xc2,
    0x9b, 0x60, 0x60, 0x0, 0x1f, 0xf4, 0xa, 0x18,
    0x0, 0x6, 0x1, 0xa1, 0x1b, 0x0, 0x0, 0xff,
    0x92, 0x5f, 0x40, 0x0, 0x39, 0xd5, 0x28, 0x0,
    0x3, 0xfe, 0x1e, 0xa4, 0x1, 0x0, 0x0, 0xc6,
    0xd1, 0xc0, 0x0, 0x1f, 0xf0, 0x36, 0xb8, 0x90,
    0x0, 0x6, 0xf, 0xe8, 0x5, 0x0, 0x0, 0xff,
    0xa5, 0x4d, 0x80, 0x0, 0x3a, 0x90, 0x84, 0x0,
    0x3, 0xfe, 0x57, 0x6c, 0x0, 0x0, 0xe6, 0x95,
    0x40, 0x0, 0xf, 0xf8, 0xa2, 0x90, 0x0, 0x3,
    0x8b, 0xa7, 0x80, 0x0, 0x3f, 0xe0, 0xaf, 0xc0,
    0xc0, 0x0, 0xc, 0x17, 0xf2, 0x10, 0x0, 0x1,
    0xff, 0x54, 0x95, 0x80, 0x0, 0x75, 0x51, 0x40,
    0x0, 0x7, 0xfc, 0xce, 0xb8, 0x0, 0x1, 0xcb,
    0xab, 0xc0, 0x0, 0x1f, 0xf1, 0x9c, 0xf8, 0x0,
    0x7, 0x13, 0xd7, 0x0, 0x0, 0x7f, 0xc2, 0x1d,
    0xa0, 0xe0, 0x0, 0x18, 0x1f, 0xdc, 0x30, 0x0,
    0x3, 0xfc, 0x3, 0x44, 0x42, 0x0, 0x1, 0xc0,
    0x79, 0x1c, 0xfc, 0xff, 0xe1, 0x54, 0xe4, 0xd0,
    0x0, 0xf, 0x2, 0xc, 0xc, 0x7f, 0xc0, 0x42,
    0x80, 0x0, 0x1f, 0xff, 0x20,

    /* U+007B "{" */
    0x0, 0x0, 0xfe, 0x11, 0x68, 0xa7, 0xd5, 0xeb,
    0xf9, 0xff, 0xa3, 0x0, 0x0, 0xf8, 0x9, 0xd3,
    0x9e, 0x5d, 0x60, 0xa8, 0x50, 0x18, 0x0, 0x3,
    0xfa, 0x42, 0x2c, 0x24, 0x0, 0x3, 0xff, 0x82,
    0x8a, 0xda, 0x0, 0x1, 0xff, 0xc3, 0xfd, 0x0,
    0x0, 0xf0, 0x31, 0xa2, 0xa6, 0x50, 0x0, 0x7,
    0x2, 0xa7, 0x0, 0x0, 0x71, 0x6e, 0xe6, 0x5d,
    0x5b, 0x48, 0x0, 0x7, 0x16, 0x84, 0x80, 0x0,
    0x74, 0x81, 0x28, 0x0, 0x7, 0xe1, 0x20, 0x0,
    0xe, 0x5, 0x43, 0x0, 0x0, 0xfe, 0x79, 0x0,
    0x0, 0xe1, 0x80, 0x10, 0x0, 0xf, 0xfe, 0x19,
    0xa8, 0x0, 0x7, 0xff, 0x3c, 0x10, 0x0, 0x3,
    0xff, 0x88, 0x46, 0x0, 0x1, 0xff, 0xc4, 0xf5,
    0x0, 0x0, 0xe1, 0xb0, 0x0, 0xf, 0xe2, 0x86,
    0x60, 0x0, 0xe, 0x6c, 0x0, 0x0, 0xe0, 0x21,
    0x73, 0x18, 0xc, 0x60, 0x80, 0x0, 0xe, 0xfc,
    0x0, 0x0, 0xe7, 0x1e, 0x8c, 0xe7, 0xf1, 0x10,
    0x0, 0xe, 0x48, 0x5c, 0x0, 0x0, 0xff, 0xe0,
    0x82, 0x3a, 0x5e, 0x0, 0x0, 0x7f, 0xf0, 0x18,
    0x28, 0xf9, 0xe2, 0xc2, 0xc0, 0x0, 0x3f, 0xf8,
    0x2, 0x83, 0xe2, 0xc0, 0x0, 0x1f, 0xfc, 0x27,
    0x4b, 0xcf, 0xa6, 0x80, 0x10, 0x0, 0xf, 0xfe,
    0x10, 0x7c, 0xbc, 0xc8, 0x0, 0x7, 0x9f, 0x32,
    0xab, 0xd7, 0x40, 0xc0, 0x0, 0x39, 0x9d, 0x8,
    0x0, 0x3, 0x83, 0xcd, 0x54, 0x28, 0xaf, 0x0,
    0x40, 0x0, 0x3b, 0x5c, 0x0, 0x3, 0xf9, 0x1,
    0x74, 0x0, 0x3, 0x95, 0x0, 0x0, 0x3f, 0xd9,
    0xe0, 0x0, 0x1c, 0x2c, 0x0, 0x1, 0xfe, 0x20,
    0x0, 0x0, 0xff, 0xe2, 0x7, 0x80, 0x0, 0x7f,
    0xf6, 0xc3, 0x80, 0x0, 0x3f, 0xcf, 0xa0, 0x0,
    0x1c, 0x68, 0x0, 0x1, 0xfe, 0x10, 0x0, 0x0,
    0xe1, 0x20, 0xf0, 0x0, 0xf, 0xe3, 0xd0, 0x0,
    0xf, 0x3c, 0x80, 0x0, 0x7f, 0x9, 0x93, 0x0,
    0x0, 0x74, 0x73, 0xe9, 0x30, 0x38, 0x0, 0x7,
    0xcb, 0x20, 0x0, 0x1c, 0xf, 0x5, 0xb3, 0xf1,
    0x46, 0x0, 0x1, 0xe9, 0x31, 0x80, 0x0, 0xf,
    0xfe, 0x18, 0x9e, 0x80, 0x88, 0x0, 0x7, 0xff,
    0xc, 0xdf, 0xd5, 0x6c, 0x1c, 0x0, 0x3, 0xff,
    0x84, 0x37, 0x49, 0xd3, 0x67, 0x6, 0xd8, 0xbc,
    0xb1, 0x90,

    /* U+007C "|" */
    0x63, 0xff, 0xff, 0xe9, 0xb0, 0x0, 0xf, 0xff,
    0xf8, 0x0, 0x7, 0xff, 0xfc, 0x0, 0x3, 0xff,
    0xfe, 0x0, 0x1, 0xff, 0xd6, 0x49, 0x94, 0x94,
    0xed, 0xa0,

    /* U+007D "}" */
    0x73, 0xff, 0xfb, 0xed, 0xdb, 0xaf, 0x77, 0x1d,
    0x0, 0x0, 0xff, 0x81, 0x4, 0x89, 0x14, 0x22,
    0x38, 0x24, 0xc2, 0xc0, 0x0, 0x3f, 0xf8, 0x40,
    0x4d, 0x96, 0xc0, 0xa0, 0x0, 0x1f, 0xfc, 0x34,
    0x27, 0x30, 0x0, 0xf, 0x1c, 0xab, 0x9d, 0x6,
    0x80, 0x0, 0x7a, 0x78, 0x8, 0x0, 0x3, 0x92,
    0xaa, 0x31, 0x79, 0x92, 0xc0, 0x0, 0x38, 0x5c,
    0xb0, 0x0, 0x3, 0xf0, 0xa5, 0x78, 0x38, 0x0,
    0x7, 0x3a, 0x80, 0x0, 0x7f, 0xd, 0x9a, 0x80,
    0x0, 0x71, 0xb8, 0x0, 0x7, 0xf9, 0xfc, 0x0,
    0x3, 0x86, 0xc0, 0x0, 0x3f, 0xc2, 0xa0, 0x0,
    0x1f, 0xfd, 0xb0, 0xd0, 0x0, 0xf, 0xfe, 0x27,
    0x60, 0x0, 0x7, 0xf8, 0xe8, 0x0, 0x3, 0x95,
    0x0, 0x0, 0x3f, 0xdd, 0xe0, 0x0, 0x1c, 0x7a,
    0xa2, 0x0, 0x1, 0xfc, 0x84, 0x4, 0x0, 0x1,
    0xd5, 0x32, 0xc7, 0x3, 0x80, 0xa0, 0x0, 0x1c,
    0x60, 0xe8, 0x0, 0x1, 0xc0, 0xed, 0x38, 0xfc,
    0x74, 0xc0, 0x0, 0x1e, 0x8a, 0x91, 0xe, 0x0,
    0x0, 0xff, 0xe1, 0x1, 0xb7, 0x71, 0xd7, 0x39,
    0x3, 0x80, 0x0, 0x7f, 0xf0, 0x45, 0xda, 0x3e,
    0xc3, 0x80, 0x0, 0x3f, 0xf8, 0x9, 0x9c, 0xf8,
    0xd1, 0x21, 0x20, 0x0, 0x1f, 0xf3, 0x45, 0x98,
    0xe8, 0x0, 0x7, 0xff, 0x4, 0x76, 0x6c, 0x0,
    0x3, 0xc8, 0xd5, 0x18, 0xb6, 0x80, 0x0, 0x1c,
    0xf0, 0x18, 0x0, 0x1, 0xd2, 0x37, 0x2a, 0xe7,
    0x42, 0xe0, 0x0, 0x1d, 0xe8, 0x0, 0x1, 0xc5,
    0xad, 0xe0, 0x0, 0x1f, 0xc6, 0xc0, 0x0, 0x1c,
    0x9e, 0x2, 0x0, 0x1, 0xff, 0xc3, 0xe3, 0x0,
    0x0, 0xff, 0xe2, 0x4, 0x80, 0x0, 0x7f, 0xf3,
    0xc3, 0x80, 0x0, 0x3f, 0xf8, 0x82, 0xc0, 0x0,
    0x1c, 0xe, 0x0, 0x1, 0xfe, 0x5f, 0x0, 0x0,
    0xe2, 0xf0, 0x0, 0xf, 0xe4, 0xa1, 0xf0, 0x0,
    0xe, 0x1e, 0x0, 0x0, 0xf0, 0x19, 0x3, 0x2d,
    0x20, 0x0, 0x7, 0x1, 0xa5, 0x0, 0x0, 0x73,
    0x9f, 0xe6, 0xfc, 0xd0, 0x88, 0x0, 0x7, 0x2b,
    0x85, 0x80, 0x0, 0x7f, 0xf0, 0x82, 0x21, 0x40,
    0x0, 0x3f, 0xf8, 0x40, 0xf4, 0x25, 0xc0, 0x0,
    0x1f, 0xfc, 0x0, 0x24, 0x9d, 0x65, 0x60, 0x0,
    0xf, 0x8f, 0xd6, 0x17, 0x1a, 0x9f, 0x6a, 0xf9,
    0xed, 0x8b, 0x80, 0x0, 0x3f, 0x0,

    /* U+007E "~" */
    0x0, 0x0, 0xc4, 0x91, 0xba, 0xde, 0x7d, 0xf8,
    0xed, 0xe1, 0x0, 0x0, 0x1f, 0x1b, 0xa3, 0xa3,
    0xe1, 0x0, 0x0, 0x9, 0x9b, 0x4d, 0xc8, 0xa4,
    0x30, 0x40, 0xe2, 0x43, 0x50, 0xe4, 0x0, 0x3,
    0xdd, 0xb7, 0x17, 0x18, 0x9c, 0x0, 0x0, 0xb3,
    0x30, 0x10, 0x0, 0x1, 0xe2, 0x3c, 0xe5, 0x30,
    0x0, 0xc, 0x1e, 0x46, 0x0, 0x1, 0x81, 0x80,
    0x4, 0x6c, 0x80, 0x40, 0x0, 0x3f, 0x4, 0x57,
    0x33, 0x0, 0x0, 0x4e, 0xc0, 0xc0, 0x0, 0x18,
    0x80, 0x1, 0xf0, 0x50, 0x0, 0x3, 0xfc, 0x5,
    0x33, 0x7e, 0xef, 0x37, 0xe, 0x0, 0x1, 0x87,
    0x44, 0x40, 0x2b, 0x40, 0x0, 0x39, 0x52, 0x29,
    0x38, 0x8, 0x0, 0x3, 0x20, 0x44, 0x32, 0x0,
    0x80, 0x0, 0x66, 0xd0, 0x0, 0x1, 0x78, 0x0,
    0x6, 0x63, 0xab, 0x75, 0xb1, 0xbb, 0xc, 0x0,
    0x0, 0xff, 0x2, 0xd4, 0x80, 0x7, 0x88, 0x0,
    0x0, 0x6b, 0x0, 0x0, 0x9, 0x1b, 0x1c, 0x5c,
    0x0, 0x3, 0xfa, 0x18, 0x98, 0x0, 0x6c, 0x0,
    0x3, 0x1, 0x94, 0x0, 0x0, 0x63, 0x4c, 0x83,
    0x80, 0x0, 0xf, 0x1, 0x3c, 0xbe, 0x0, 0x0,
    0x4, 0xaf, 0x2f, 0x36, 0x10, 0x20, 0x0, 0x7,
    0x10, 0x63, 0x52, 0x21, 0x89, 0x84, 0x11, 0x31,
    0xe4, 0xc3, 0x0, 0x0, 0x40,

    /* U+00B0 "°" */
    0x0, 0x0, 0x80, 0x9a, 0x70, 0x7b, 0x3e, 0x37,
    0xa7, 0x4a, 0xc0, 0x0, 0x3c, 0x51, 0x8b, 0x2c,
    0x7c, 0x26, 0xe, 0x42, 0xc5, 0xa6, 0xf2, 0x6,
    0x0, 0x1, 0xc, 0xe3, 0x1c, 0x0, 0x0, 0x78,
    0x1e, 0x1a, 0x30, 0x0, 0x2, 0xab, 0x11, 0x0,
    0x0, 0x84, 0xa, 0x0, 0xc0, 0x0, 0x27, 0x23,
    0xb0, 0x4, 0x14, 0xd0, 0x0, 0x0, 0x24, 0xc7,
    0x76, 0xbf, 0x2a, 0x10, 0x0, 0x0, 0xb, 0xf0,
    0x3, 0x28, 0x0, 0x2, 0x7e, 0x67, 0x1, 0x0,
    0x19, 0xaf, 0x13, 0x0, 0x0, 0x1c, 0x89, 0x93,
    0x80, 0x0, 0x56, 0x80, 0x0, 0x18, 0x49, 0x0,
    0x0, 0x0, 0x2, 0x40, 0xe, 0x0, 0x1, 0xfc,
    0x2, 0x0, 0x1, 0x0, 0x90, 0x0, 0x0, 0x57,
    0x0, 0x0, 0x18, 0x4d, 0x0, 0x0, 0x0, 0x2,
    0x43, 0x96, 0x0, 0x1, 0x3a, 0xb4, 0x0, 0x0,
    0x6, 0x2b, 0x44, 0x80, 0x0, 0x7, 0x62, 0x68,
    0x9, 0xc0, 0x0, 0x0, 0x39, 0x7e, 0xcd, 0x4e,
    0x34, 0x10, 0x0, 0x0, 0x17, 0xe0, 0x0, 0x2,
    0xa0, 0x44, 0x0, 0x2, 0x13, 0x2b, 0x4, 0x0,
    0x0, 0x9d, 0x8e, 0x40, 0x0, 0x3, 0x39, 0x27,
    0x0, 0x0, 0x1e, 0x7, 0x88, 0x88, 0x0, 0x0,
    0x62, 0x7c, 0x49, 0x43, 0xc1, 0x20, 0x72, 0x6,
    0x1d, 0x27, 0x70, 0x30, 0x0, 0x0
};


/*---------------------
 *  GLYPH DESCRIPTION
 *--------------------*/

static const lv_font_fmt_txt_glyph_dsc_t glyph_dsc[] = {
    {.bitmap_index = 0, .adv_w = 0, .box_w = 0, .box_h = 0, .ofs_x = 0, .ofs_y = 0} /* id = 0 reserved */,
    {.bitmap_index = 0, .adv_w = 142, .box_w = 0, .box_h = 0, .ofs_x = 0, .ofs_y = 0},
    {.bitmap_index = 0, .adv_w = 228, .box_w = 8, .box_h = 33, .ofs_x = 3, .ofs_y = -1},
    {.bitmap_index = 183, .adv_w = 327, .box_w = 17, .box_h = 13, .ofs_x = 2, .ofs_y = 19},
    {.bitmap_index = 218, .adv_w = 458, .box_w = 29, .box_h = 32, .ofs_x = 0, .ofs_y = 0},
    {.bitmap_index = 725, .adv_w = 466, .box_w = 26, .box_h = 39, .ofs_x = 2, .ofs_y = -3},
    {.bitmap_index = 1263, .adv_w = 587, .box_w = 36, .box_h = 34, .ofs_x = 0, .ofs_y = -1},
    {.bitmap_index = 2056, .adv_w = 505, .box_w = 31, .box_h = 34, .ofs_x = 1, .ofs_y = -1},
    {.bitmap_index = 2698, .adv_w = 164, .box_w = 6, .box_h = 13, .ofs_x = 2, .ofs_y = 19},
    {.bitmap_index = 2711, .adv_w = 275, .box_w = 13, .box_h = 39, .ofs_x = 4, .ofs_y = -7},
    {.bitmap_index = 3026, .adv_w = 275, .box_w = 14, .box_h = 39, .ofs_x = 0, .ofs_y = -7},
    {.bitmap_index = 3349, .adv_w = 349, .box_w = 18, .box_h = 18, .ofs_x = 2, .ofs_y = 16},
    {.bitmap_index = 3614, .adv_w = 466, .box_w = 25, .box_h = 25, .ofs_x = 2, .ofs_y = 0},
    {.bitmap_index = 3700, .adv_w = 200, .box_w = 8, .box_h = 13, .ofs_x = 2, .ofs_y = -7},
    {.bitmap_index = 3781, .adv_w = 318, .box_w = 16, .box_h = 6, .ofs_x = 2, .ofs_y = 10},
    {.bitmap_index = 3798, .adv_w = 200, .box_w = 8, .box_h = 8, .ofs_x = 2, .ofs_y = -1},
    {.bitmap_index = 3852, .adv_w = 275, .box_w = 18, .box_h = 39, .ofs_x = 0, .ofs_y = -7},
    {.bitmap_index = 4189, .adv_w = 469, .box_w = 27, .box_h = 34, .ofs_x = 1, .ofs_y = -1},
    {.bitmap_index = 4712, .adv_w = 346, .box_w = 16, .box_h = 32, .ofs_x = 1, .ofs_y = 0},
    {.bitmap_index = 4830, .adv_w = 434, .box_w = 25, .box_h = 33, .ofs_x = 1, .ofs_y = 0},
    {.bitmap_index = 5229, .adv_w = 454, .box_w = 26, .box_h = 34, .ofs_x = 1, .ofs_y = -1},
    {.bitmap_index = 5721, .adv_w = 467, .box_w = 27, .box_h = 32, .ofs_x = 1, .ofs_y = 0},
    {.bitmap_index = 5992, .adv_w = 450, .box_w = 25, .box_h = 33, .ofs_x = 2, .ofs_y = -1},
    {.bitmap_index = 6425, .adv_w = 463, .box_w = 27, .box_h = 34, .ofs_x = 1, .ofs_y = -1},
    {.bitmap_index = 6987, .adv_w = 412, .box_w = 24, .box_h = 32, .ofs_x = 1, .ofs_y = 0},
    {.bitmap_index = 7289, .adv_w = 470, .box_w = 27, .box_h = 34, .ofs_x = 1, .ofs_y = -1},
    {.bitmap_index = 7861, .adv_w = 464, .box_w = 27, .box_h = 34, .ofs_x = 1, .ofs_y = -1},
    {.bitmap_index = 8425, .adv_w = 200, .box_w = 8, .box_h = 24, .ofs_x = 2, .ofs_y = -1},
    {.bitmap_index = 8540, .adv_w = 200, .box_w = 9, .box_h = 30, .ofs_x = 1, .ofs_y = -7},
    {.bitmap_index = 8702, .adv_w = 466, .box_w = 22, .box_h = 28, .ofs_x = 4, .ofs_y = -1},
    {.bitmap_index = 9009, .adv_w = 466, .box_w = 24, .box_h = 16, .ofs_x = 3, .ofs_y = 5},
    {.bitmap_index = 9061, .adv_w = 466, .box_w = 22, .box_h = 28, .ofs_x = 4, .ofs_y = -1},
    {.bitmap_index = 9360, .adv_w = 384, .box_w = 22, .box_h = 34, .ofs_x = 1, .ofs_y = -1},
    {.bitmap_index = 9735, .adv_w = 636, .box_w = 38, .box_h = 37, .ofs_x = 1, .ofs_y = -5},
    {.bitmap_index = 10637, .adv_w = 497, .box_w = 31, .box_h = 32, .ofs_x = 0, .ofs_y = 0},
    {.bitmap_index = 11106, .adv_w = 461, .box_w = 26, .box_h = 32, .ofs_x = 2, .ofs_y = 0},
    {.bitmap_index = 11454, .adv_w = 513, .box_w = 30, .box_h = 34, .ofs_x = 1, .ofs_y = -1},
    {.bitmap_index = 11974, .adv_w = 504, .box_w = 28, .box_h = 32, .ofs_x = 2, .ofs_y = 0},
    {.bitmap_index = 12318, .adv_w = 413, .box_w = 22, .box_h = 32, .ofs_x = 2, .ofs_y = 0},
    {.bitmap_index = 12417, .adv_w = 395, .box_w = 22, .box_h = 32, .ofs_x = 2, .ofs_y = 0},
    {.bitmap_index = 12504, .adv_w = 523, .box_w = 30, .box_h = 34, .ofs_x = 1, .ofs_y = -1},
    {.bitmap_index = 13027, .adv_w = 525, .box_w = 29, .box_h = 32, .ofs_x = 2, .ofs_y = 0},
    {.bitmap_index = 13113, .adv_w = 191, .box_w = 8, .box_h = 32, .ofs_x = 2, .ofs_y = 0},
    {.bitmap_index = 13135, .adv_w = 402, .box_w = 23, .box_h = 33, .ofs_x = 0, .ofs_y = -1},
    {.bitmap_index = 13328, .adv_w = 476, .box_w = 28, .box_h = 32, .ofs_x = 2, .ofs_y = 0},
    {.bitmap_index = 13694, .adv_w = 391, .box_w = 22, .box_h = 32, .ofs_x = 2, .ofs_y = 0},
    {.bitmap_index = 13755, .adv_w = 622, .box_w = 35, .box_h = 32, .ofs_x = 2, .ofs_y = 0},
    {.bitmap_index = 14199, .adv_w = 514, .box_w = 28, .box_h = 32, .ofs_x = 2, .ofs_y = 0},
    {.bitmap_index = 14465, .adv_w = 542, .box_w = 32, .box_h = 34, .ofs_x = 1, .ofs_y = -1},
    {.bitmap_index = 15030, .adv_w = 445, .box_w = 25, .box_h = 32, .ofs_x = 2, .ofs_y = 0},
    {.bitmap_index = 15285, .adv_w = 542, .box_w = 32, .box_h = 36, .ofs_x = 1, .ofs_y = -3},
    {.bitmap_index = 15898, .adv_w = 461, .box_w = 27, .box_h = 32, .ofs_x = 2, .ofs_y = 0},
    {.bitmap_index = 16237, .adv_w = 455, .box_w = 26, .box_h = 34, .ofs_x = 1, .ofs_y = -1},
    {.bitmap_index = 16758, .adv_w = 433, .box_w = 26, .box_h = 32, .ofs_x = 1, .ofs_y = 0},
    {.bitmap_index = 16835, .adv_w = 509, .box_w = 28, .box_h = 33, .ofs_x = 2, .ofs_y = -1},
    {.bitmap_index = 17086, .adv_w = 488, .box_w = 30, .box_h = 32, .ofs_x = 0, .ofs_y = 0},
    {.bitmap_index = 17575, .adv_w = 695, .box_w = 43, .box_h = 32, .ofs_x = 0, .ofs_y = 0},
    {.bitmap_index = 18358, .adv_w = 494, .box_w = 30, .box_h = 32, .ofs_x = 0, .ofs_y = 0},
    {.bitmap_index = 18876, .adv_w = 479, .box_w = 30, .box_h = 32, .ofs_x = 0, .ofs_y = 0},
    {.bitmap_index = 19225, .adv_w = 454, .box_w = 26, .box_h = 32, .ofs_x = 1, .ofs_y = 0},
    {.bitmap_index = 19519, .adv_w = 275, .box_w = 13, .box_h = 39, .ofs_x = 4, .ofs_y = -7},
    {.bitmap_index = 19575, .adv_w = 275, .box_w = 18, .box_h = 39, .ofs_x = 0, .ofs_y = -7},
    {.bitmap_index = 19907, .adv_w = 275, .box_w = 13, .box_h = 39, .ofs_x = 0, .ofs_y = -7},
    {.bitmap_index = 19963, .adv_w = 344, .box_w = 21, .box_h = 14, .ofs_x = 0, .ofs_y = 18},
    {.bitmap_index = 20148, .adv_w = 301, .box_w = 22, .box_h = 5, .ofs_x = -2, .ofs_y = -7},
    {.bitmap_index = 20165, .adv_w = 355, .box_w = 12, .box_h = 7, .ofs_x = 5, .ofs_y = 28},
    {.bitmap_index = 20228, .adv_w = 394, .box_w = 22, .box_h = 26, .ofs_x = 1, .ofs_y = -1},
    {.bitmap_index = 20571, .adv_w = 430, .box_w = 24, .box_h = 33, .ofs_x = 2, .ofs_y = -1},
    {.bitmap_index = 20927, .adv_w = 392, .box_w = 23, .box_h = 26, .ofs_x = 1, .ofs_y = -1},
    {.bitmap_index = 21283, .adv_w = 429, .box_w = 24, .box_h = 33, .ofs_x = 1, .ofs_y = -1},
    {.bitmap_index = 21645, .adv_w = 400, .box_w = 23, .box_h = 26, .ofs_x = 1, .ofs_y = -1},
    {.bitmap_index = 21992, .adv_w = 256, .box_w = 15, .box_h = 33, .ofs_x = 0, .ofs_y = 0},
    {.bitmap_index = 22126, .adv_w = 427, .box_w = 24, .box_h = 34, .ofs_x = 1, .ofs_y = -9},
    {.bitmap_index = 22613, .adv_w = 421, .box_w = 23, .box_h = 32, .ofs_x = 2, .ofs_y = 0},
    {.bitmap_index = 22799, .adv_w = 173, .box_w = 8, .box_h = 33, .ofs_x = 1, .ofs_y = 0},
    {.bitmap_index = 22875, .adv_w = 173, .box_w = 11, .box_h = 41, .ofs_x = -2, .ofs_y = -8},
    {.bitmap_index = 23023, .adv_w = 387, .box_w = 23, .box_h = 32, .ofs_x = 2, .ofs_y = 0},
    {.bitmap_index = 23295, .adv_w = 174, .box_w = 7, .box_h = 32, .ofs_x = 2, .ofs_y = 0},
    {.bitmap_index = 23312, .adv_w = 622, .box_w = 35, .box_h = 25, .ofs_x = 2, .ofs_y = 0},
    {.bitmap_index = 23594, .adv_w = 415, .box_w = 22, .box_h = 25, .ofs_x = 2, .ofs_y = 0},
    {.bitmap_index = 23769, .adv_w = 412, .box_w = 24, .box_h = 26, .ofs_x = 1, .ofs_y = -1},
    {.bitmap_index = 24157, .adv_w = 427, .box_w = 24, .box_h = 33, .ofs_x = 2, .ofs_y = -8},
    {.bitmap_index = 24528, .adv_w = 427, .box_w = 24, .box_h = 33, .ofs_x = 1, .ofs_y = -8},
    {.bitmap_index = 24894, .adv_w = 262, .box_w = 14, .box_h = 25, .ofs_x = 2, .ofs_y = 0},
    {.bitmap_index = 24997, .adv_w = 371, .box_w = 22, .box_h = 26, .ofs_x = 1, .ofs_y = -1},
    {.bitmap_index = 25370, .adv_w = 256, .box_w = 15, .box_h = 29, .ofs_x = 0, .ofs_y = 0},
    {.bitmap_index = 25494, .adv_w = 415, .box_w = 23, .box_h = 25, .ofs_x = 1, .ofs_y = -1},
    {.bitmap_index = 25670, .adv_w = 380, .box_w = 24, .box_h = 24, .ofs_x = 0, .ofs_y = 0},
    {.bitmap_index = 26009, .adv_w = 569, .box_w = 36, .box_h = 24, .ofs_x = 0, .ofs_y = 0},
    {.bitmap_index = 26565, .adv_w = 380, .box_w = 24, .box_h = 24, .ofs_x = 0, .ofs_y = 0},
    {.bitmap_index = 26921, .adv_w = 391, .box_w = 25, .box_h = 32, .ofs_x = 0, .ofs_y = -8},
    {.bitmap_index = 27349, .adv_w = 364, .box_w = 21, .box_h = 24, .ofs_x = 1, .ofs_y = 0},
    {.bitmap_index = 27546, .adv_w = 275, .box_w = 17, .box_h = 39, .ofs_x = 0, .ofs_y = -7},
    {.bitmap_index = 27860, .adv_w = 275, .box_w = 7, .box_h = 39, .ofs_x = 5, .ofs_y = -7},
    {.bitmap_index = 27886, .adv_w = 275, .box_w = 17, .box_h = 39, .ofs_x = 0, .ofs_y = -7},
    {.bitmap_index = 28204, .adv_w = 466, .box_w = 25, .box_h = 10, .ofs_x = 2, .ofs_y = 11},
    {.bitmap_index = 28385, .adv_w = 264, .box_w = 15, .box_h = 14, .ofs_x = 1, .ofs_y = 18}
};

/*---------------------
 *  CHARACTER MAPPING
 *--------------------*/



/*Collect the unicode lists and glyph_id offsets*/
static const lv_font_fmt_txt_cmap_t cmaps[] =
{
    {
        .range_start = 32, .range_length = 95, .glyph_id_start = 1,
        .unicode_list = NULL, .glyph_id_ofs_list = NULL, .list_length = 0, .type = LV_FONT_FMT_TXT_CMAP_FORMAT0_TINY
    },
    {
        .range_start = 176, .range_length = 1, .glyph_id_start = 96,
        .unicode_list = NULL, .glyph_id_ofs_list = NULL, .list_length = 0, .type = LV_FONT_FMT_TXT_CMAP_FORMAT0_TINY
    }
};



/*--------------------
 *  ALL CUSTOM DATA
 *--------------------*/

#if LVGL_VERSION_MAJOR == 8
/*Store all the custom data of the font*/
static  lv_font_fmt_txt_glyph_cache_t cache;
#endif

#if LVGL_VERSION_MAJOR >= 8
static const lv_font_fmt_txt_dsc_t font_dsc = {
#else
static lv_font_fmt_txt_dsc_t font_dsc = {
#endif
    .glyph_bitmap = glyph_bitmap,
    .glyph_dsc = glyph_dsc,
    .cmaps = cmaps,
    .kern_dsc = NULL,
    .kern_scale = 0,
    .cmap_num = 2,
    .bpp = 8,
    .kern_classes = 0,
    .bitmap_format = 1,
#if LVGL_VERSION_MAJOR == 8
    .cache = &cache
#endif
};



/*-----------------
 *  PUBLIC FONT
 *----------------*/

/*Initialize a public general font descriptor*/
#if LVGL_VERSION_MAJOR >= 8
const lv_font_t ui_font_sfprodisplaybold_45 = {
#else
lv_font_t ui_font_sfprodisplaybold_45 = {
#endif
    .get_glyph_dsc = lv_font_get_glyph_dsc_fmt_txt,    /*Function pointer to get glyph's data*/
    .get_glyph_bitmap = lv_font_get_bitmap_fmt_txt,    /*Function pointer to get glyph's bitmap*/
    .line_height = 45,          /*The maximum line height required by the font*/
    .base_line = 9,             /*Baseline measured from the bottom of the line*/
#if !(LVGL_VERSION_MAJOR == 6 && LVGL_VERSION_MINOR == 0)
    .subpx = LV_FONT_SUBPX_NONE,
#endif
#if LV_VERSION_CHECK(7, 4, 0) || LVGL_VERSION_MAJOR >= 8
    .underline_position = -6,
    .underline_thickness = 4,
#endif
    .dsc = &font_dsc,          /*The custom font data. Will be accessed by `get_glyph_bitmap/dsc` */
#if LV_VERSION_CHECK(8, 2, 0) || LVGL_VERSION_MAJOR >= 9
    .fallback = NULL,
#endif
    .user_data = NULL,
};



#endif /*#if UI_FONT_SFPRODISPLAYBOLD_45*/

